image_file,age(yrs),special_discount_available,price_range,category
da9c681961.jpg,> 2 & < 5,0,medium,Watches
e3c1627707.jpg,0,1,extremely high,Real Estate
31a0c21872.jpg,0,0,medium,Watches
117c888796.jpg,> 5,0,high,Real Estate
bdbf040271.jpg,0,1,low,Perfumes
dc907cfb7c.jpg,<= 2,1,high,Real Estate
7fdc118067.jpg,> 5,0,medium,Perfumes
369539c435.jpg,0,1,low,Perfumes
9e3ec7080e.jpg,0,0,high,Perfumes
1dfaec27f3.jpg,<= 2,0,extremely low,Perfumes
a4012b2bf1.jpg,0,1,high,Cars
2b0d015581.jpg,0,1,extremely low,Perfumes
531bba925e.jpg,<= 2,0,low,Watches
b59064c31c.jpg,<= 2,1,extremely high,Watches
a90a754b2f.jpg,<= 2,1,extremely high,Perfumes
df8bc62c0a.jpg,<= 2,0,low,Perfumes
68eb17ed75.jpg,> 5,0,low,Real Estate
4029b5212c.jpg,0,1,high,Real Estate
51e1a7a4ce.jpg,<= 2,0,extremely high,Watches
a6003dcf30.jpg,0,0,extremely low,Perfumes
fae98e149f.jpg,<= 2,1,high,Perfumes
3002b38128.jpg,> 2 & < 5,0,medium,Cars
da37928076.jpg,<= 2,0,extremely high,Perfumes
eed072d9f9.jpg,0,1,high,Perfumes
97696d6008.jpg,<= 2,0,low,Perfumes
863a6a4e50.jpg,<= 2,1,extremely low,Real Estate
b2a1b1e37e.jpg,<= 2,1,extremely low,Watches
41dcd15639.jpg,0,1,low,Perfumes
74c6dbf71c.jpg,<= 2,0,high,Watches
26e723df9e.jpg,0,0,extremely high,Perfumes
a5b386613f.jpg,<= 2,1,extremely low,Real Estate
4216e90003.jpg,<= 2,1,high,Watches
da005277ff.jpg,<= 2,0,low,Cars
9438d4632b.jpg,> 2 & < 5,0,high,Perfumes
ab215e2fe9.jpg,<= 2,0,high,Perfumes
849dc7c599.jpg,> 5,0,medium,Watches
0319652a58.jpg,> 2 & < 5,0,high,Real Estate
cab5a34b54.jpg,<= 2,1,extremely high,Watches
31fbb85fa9.jpg,0,0,extremely high,Cars
c933042e42.jpg,0,1,high,Perfumes
b08383128b.jpg,> 2 & < 5,0,medium,Cars
78c849e3cb.jpg,0,0,extremely low,Watches
7778f19268.jpg,0,1,extremely high,Watches
f507189ed7.jpg,<= 2,1,extremely low,Watches
df2981d25a.jpg,0,0,low,Perfumes
bf2702d136.jpg,0,1,extremely high,Real Estate
7c8508037d.jpg,<= 2,0,medium,Cars
15db74fb2a.jpg,<= 2,0,low,Real Estate
7eee70bf09.jpg,0,0,extremely high,Cars
52700d5343.jpg,> 2 & < 5,0,low,Perfumes
34fd3ef1b9.jpg,0,1,high,Watches
33233eb190.jpg,> 2 & < 5,0,high,Perfumes
66acad0c77.jpg,> 5,0,high,Real Estate
9781e097ab.jpg,<= 2,1,extremely low,Real Estate
1987107d9f.jpg,0,0,extremely low,Perfumes
f738ae9679.jpg,0,0,low,Watches
f29b67a09c.jpg,<= 2,1,high,Cars
e31a1d39dc.jpg,0,0,low,Perfumes
16d07d6145.jpg,0,0,extremely high,Perfumes
4aa09f6939.jpg,0,1,extremely high,Perfumes
aeea02b205.jpg,0,0,low,Watches
78351c228c.jpg,0,0,extremely low,Perfumes
3817a0acd0.jpg,> 2 & < 5,0,medium,Cars
069cb507c1.jpg,0,0,medium,Watches
a1b1f2b812.jpg,0,0,high,Cars
834bcb6c65.jpg,<= 2,0,extremely high,Cars
ac7d793252.jpg,0,1,low,Watches
baae4fbd59.jpg,0,0,high,Perfumes
d6aeff61ed.jpg,0,0,extremely high,Watches
9aaef391b8.jpg,> 5,0,medium,Cars
2129c6a660.jpg,0,0,medium,Watches
0ce62f982e.jpg,> 5,0,high,Watches
140ea6d98a.jpg,<= 2,1,medium,Cars
c6b0f47bd8.jpg,<= 2,1,high,Real Estate
e862def7c1.jpg,<= 2,0,high,Real Estate
d63cece8ff.jpg,> 2 & < 5,0,medium,Cars
d1ee1843d2.jpg,<= 2,0,low,Cars
dcfd8480dd.jpg,0,1,high,Perfumes
53f225e864.jpg,<= 2,0,medium,Cars
bfc069d13d.jpg,0,1,high,Watches
22b583986e.jpg,> 5,0,high,Real Estate
59cb51f93b.jpg,0,0,extremely high,Watches
3e52c1a8ae.jpg,<= 2,1,high,Perfumes
e80ec9474e.jpg,<= 2,1,low,Real Estate
e1bd24a605.jpg,0,1,extremely low,Watches
d061f26e9f.jpg,0,0,medium,Cars
d68a6dfcea.jpg,> 5,0,high,Watches
5357acc781.jpg,<= 2,0,extremely low,Cars
8e90d9c8af.jpg,<= 2,0,extremely low,Perfumes
0bd2a22b41.jpg,> 2 & < 5,0,medium,Perfumes
26f87fe8d1.jpg,<= 2,1,high,Perfumes
456d323d6a.jpg,0,0,extremely high,Real Estate
9116ff7511.jpg,> 2 & < 5,0,medium,Cars
1404b14648.jpg,> 2 & < 5,0,medium,Cars
b65e420987.jpg,> 2 & < 5,0,high,Perfumes
40a56c7064.jpg,0,1,extremely high,Cars
79c8759189.jpg,<= 2,0,extremely low,Watches
78f124b05d.jpg,<= 2,0,medium,Cars
ad79f1d574.jpg,> 2 & < 5,0,low,Real Estate
2c9bead9b8.jpg,0,0,extremely low,Perfumes
90a00b2f78.jpg,0,1,extremely high,Watches
29211d5848.jpg,<= 2,1,extremely low,Cars
6ac609e449.jpg,> 2 & < 5,0,medium,Perfumes
76a75c431b.jpg,0,0,extremely low,Real Estate
db9e72bebb.jpg,<= 2,0,extremely low,Perfumes
ab20ff6df5.jpg,> 2 & < 5,0,medium,Watches
d0c2a74b53.jpg,<= 2,0,high,Perfumes
12d4572626.jpg,> 5,0,medium,Cars
40e859ac29.jpg,<= 2,0,extremely low,Perfumes
aa84446cbf.jpg,<= 2,0,low,Real Estate
80cada60b9.jpg,0,0,medium,Cars
096253ab90.jpg,> 2 & < 5,0,high,Cars
796aed618a.jpg,0,1,low,Cars
2df78625a4.jpg,0,0,low,Perfumes
4220ceeda8.jpg,0,0,low,Real Estate
d3abc5f942.jpg,<= 2,0,high,Watches
75b215222b.jpg,0,0,extremely high,Cars
006309e9b4.jpg,> 5,0,low,Perfumes
e300c9d8b7.jpg,> 5,0,high,Real Estate
8698a7ff21.jpg,0,1,extremely high,Perfumes
a66d4f4945.jpg,0,0,extremely high,Perfumes
9095a666a2.jpg,<= 2,0,high,Perfumes
9cca3da727.jpg,0,1,medium,Cars
741ee7e6e6.jpg,0,1,high,Watches
d417c5ab3c.jpg,<= 2,1,extremely low,Real Estate
3fb4080bbd.jpg,<= 2,1,high,Watches
04091f0715.jpg,<= 2,0,extremely high,Watches
19e818d13e.jpg,<= 2,0,extremely high,Cars
d18e8a0a4a.jpg,0,0,extremely high,Perfumes
20c9680b21.jpg,0,1,high,Real Estate
adf1981749.jpg,> 2 & < 5,0,medium,Cars
18cda97364.jpg,<= 2,0,low,Real Estate
b68faa64b6.jpg,<= 2,0,extremely low,Real Estate
d9ee9300c8.jpg,> 2 & < 5,0,low,Perfumes
9c7aa1de5e.jpg,> 2 & < 5,0,medium,Perfumes
c18cda11ad.jpg,0,1,low,Real Estate
c03f5ff784.jpg,<= 2,0,low,Perfumes
20a0b474c5.jpg,0,1,high,Cars
16ad6ed7d3.jpg,0,0,high,Cars
534ae0e6af.jpg,<= 2,0,extremely low,Real Estate
f283413061.jpg,0,0,extremely high,Cars
64325ee703.jpg,0,0,low,Real Estate
a397282446.jpg,0,0,extremely low,Real Estate
cde45c69b5.jpg,<= 2,1,medium,Cars
52be244213.jpg,<= 2,0,high,Real Estate
83a513897c.jpg,0,0,high,Watches
c988e33edd.jpg,> 2 & < 5,0,medium,Watches
22a36acb98.jpg,<= 2,1,extremely high,Cars
d3d7d53749.jpg,> 2 & < 5,0,high,Cars
55bf66d9a4.jpg,> 5,0,high,Real Estate
f814104935.jpg,<= 2,0,high,Real Estate
e58bf91043.jpg,> 2 & < 5,0,medium,Perfumes
41af0eb371.jpg,<= 2,0,extremely high,Real Estate
aa36e5900e.jpg,0,1,low,Watches
876174f721.jpg,0,1,extremely low,Watches
a13b1fe6d6.jpg,<= 2,0,extremely high,Cars
48e8f60a45.jpg,> 2 & < 5,0,high,Real Estate
3678ca48ca.jpg,<= 2,0,low,Perfumes
f0ab852fa3.jpg,<= 2,0,extremely low,Perfumes
08a10610c0.jpg,<= 2,1,high,Cars
ebbfb8e20a.jpg,> 5,0,high,Perfumes
c3a1a90200.jpg,<= 2,1,extremely low,Real Estate
a7489636cf.jpg,<= 2,0,extremely low,Watches
f1267604a1.jpg,<= 2,0,extremely high,Cars
bd0031caed.jpg,> 5,0,high,Real Estate
610c8dfbd2.jpg,> 5,0,medium,Cars
cfb134e071.jpg,> 5,0,medium,Cars
56692ce90c.jpg,> 5,0,medium,Perfumes
5eb9fec910.jpg,<= 2,0,extremely low,Perfumes
72669ed267.jpg,0,0,high,Cars
ddc7ee54c5.jpg,<= 2,0,high,Real Estate
7bd1df1d01.jpg,> 5,0,medium,Cars
992574a798.jpg,<= 2,0,high,Cars
08ef86dd12.jpg,<= 2,0,extremely high,Cars
586e8a78f4.jpg,> 5,0,high,Real Estate
38a0abaf91.jpg,0,0,extremely low,Cars
8a54f60a4d.jpg,0,0,high,Cars
e38154d2c3.jpg,<= 2,0,high,Cars
1b5a7ebf6a.jpg,> 2 & < 5,0,high,Perfumes
973dd938cf.jpg,0,1,high,Perfumes
0d303c2c3b.jpg,<= 2,1,high,Perfumes
28597f3118.jpg,<= 2,0,extremely low,Real Estate
fb2841b078.jpg,> 2 & < 5,0,high,Cars
65502489be.jpg,<= 2,1,high,Cars
6097c60c6c.jpg,<= 2,0,extremely low,Perfumes
a2263d4b8e.jpg,<= 2,1,low,Watches
99f97c3cdb.jpg,<= 2,0,medium,Cars
2b1e5cf34b.jpg,<= 2,0,extremely high,Watches
a6b7e10ebb.jpg,> 5,0,low,Perfumes
c1247f3e74.jpg,<= 2,1,medium,Watches
880f43090a.jpg,<= 2,1,extremely high,Cars
ee76fd4997.jpg,0,0,extremely low,Cars
7573e13c36.jpg,> 2 & < 5,0,medium,Perfumes
687596e0d1.jpg,<= 2,1,extremely low,Perfumes
3be8925708.jpg,> 5,0,medium,Perfumes
a2d288765d.jpg,0,0,low,Cars
9c59173261.jpg,> 5,0,medium,Cars
596895e496.jpg,<= 2,0,high,Perfumes
fa2590d228.jpg,0,1,extremely high,Real Estate
69d592c9a9.jpg,<= 2,0,low,Real Estate
461230fbc7.jpg,<= 2,0,extremely low,Watches
669e2e836e.jpg,0,0,medium,Watches
3a228ea300.jpg,0,1,high,Perfumes
2175f6c581.jpg,<= 2,0,low,Perfumes
8719d24b47.jpg,<= 2,0,high,Cars
f8fddc0b68.jpg,0,1,high,Perfumes
4b800d83dd.jpg,<= 2,0,low,Watches
8fcf94f546.jpg,0,0,high,Cars
878aca6da4.jpg,0,0,extremely low,Watches
c4e4253a1b.jpg,<= 2,0,high,Watches
bcd91b4bfb.jpg,> 5,0,low,Perfumes
aacca8208a.jpg,> 5,0,medium,Perfumes
aba93ad55f.jpg,<= 2,0,high,Real Estate
f8e1139e52.jpg,<= 2,1,high,Perfumes
54479ab9eb.jpg,0,0,extremely high,Cars
558b55c67f.jpg,0,1,high,Watches
af117de27b.jpg,<= 2,0,extremely low,Watches
86b8387261.jpg,> 5,0,medium,Watches
f30ee89160.jpg,<= 2,0,high,Watches
72ca7a6f50.jpg,<= 2,0,extremely low,Watches
d79a33c35e.jpg,0,0,low,Perfumes
0973fee7cb.jpg,> 2 & < 5,0,medium,Cars
a5387bea2b.jpg,0,0,extremely high,Watches
ca493c14ee.jpg,<= 2,0,high,Perfumes
3e04e77f91.jpg,> 5,0,medium,Watches
1d8121ee26.jpg,<= 2,0,high,Perfumes
ec93e6d792.jpg,0,0,high,Perfumes
50f4399972.jpg,0,1,low,Cars
033fb7c0c8.jpg,0,0,high,Real Estate
94f842c395.jpg,<= 2,1,extremely high,Cars
74998ac5f2.jpg,> 5,0,high,Cars
e6e9d3a0c9.jpg,> 5,0,medium,Real Estate
0baccc3e80.jpg,<= 2,0,high,Watches
8db5f8ec26.jpg,<= 2,1,extremely high,Perfumes
9d73c010b6.jpg,> 2 & < 5,0,medium,Cars
19e9adb52f.jpg,0,0,extremely low,Perfumes
79609b426d.jpg,> 5,0,medium,Watches
d68fadf95d.jpg,<= 2,1,high,Watches
f1f2a58932.jpg,0,0,extremely low,Perfumes
971730aa13.jpg,<= 2,1,medium,Watches
d213299a69.jpg,<= 2,1,high,Cars
992187bd38.jpg,<= 2,1,extremely low,Watches
599ac64108.jpg,> 2 & < 5,0,medium,Watches
5c50b2f4a6.jpg,> 5,0,medium,Perfumes
f7033b82d4.jpg,<= 2,1,high,Cars
f811acfea5.jpg,<= 2,1,extremely high,Cars
468e616021.jpg,0,1,extremely low,Cars
b0c92e55f6.jpg,<= 2,0,extremely low,Cars
660bccc876.jpg,0,1,extremely low,Cars
8391225803.jpg,> 5,0,medium,Watches
57dd8001bd.jpg,0,1,medium,Watches
99965dc09c.jpg,0,1,medium,Watches
0f5220b259.jpg,<= 2,1,high,Perfumes
41d0a2aa6e.jpg,<= 2,0,high,Perfumes
dd33cc4f41.jpg,0,0,high,Real Estate
29d1039fe4.jpg,0,0,extremely low,Real Estate
5839bfedb3.jpg,<= 2,1,extremely high,Perfumes
f5311b2322.jpg,0,0,high,Perfumes
8ab2f08be7.jpg,0,0,low,Perfumes
558559bdea.jpg,> 5,0,high,Cars
68e714be9c.jpg,<= 2,0,low,Cars
ba5669cffc.jpg,> 5,0,medium,Perfumes
a0cf9014d5.jpg,<= 2,1,high,Perfumes
85e063e596.jpg,> 5,0,medium,Watches
ca85ee935a.jpg,> 2 & < 5,0,high,Cars
36eab456cf.jpg,<= 2,0,extremely high,Watches
ed3aff5143.jpg,<= 2,0,low,Perfumes
a24520625a.jpg,> 5,0,medium,Watches
89da635f8e.jpg,<= 2,1,low,Cars
68a2d30833.jpg,0,1,extremely high,Cars
f7e2dcc41d.jpg,<= 2,1,extremely high,Perfumes
36b1ee965e.jpg,0,0,high,Cars
a665be6f0e.jpg,0,0,low,Real Estate
59f42d8ba5.jpg,0,1,extremely low,Cars
e11bed5fb9.jpg,> 2 & < 5,0,medium,Cars
8143e64c84.jpg,0,0,high,Perfumes
bbff9ea3bd.jpg,> 5,0,high,Cars
4916e393ae.jpg,<= 2,1,extremely low,Watches
64f08b449a.jpg,0,1,low,Watches
e54cec3511.jpg,> 2 & < 5,0,medium,Cars
801f5ec937.jpg,0,0,low,Real Estate
46e8c42b48.jpg,> 5,0,medium,Cars
8ca00e9a84.jpg,<= 2,0,extremely high,Cars
ac243fdbf2.jpg,0,1,high,Cars
885eb7edc5.jpg,<= 2,0,extremely low,Watches
c3698a1e40.jpg,0,0,high,Real Estate
214ed74e35.jpg,0,1,low,Watches
526823ff07.jpg,<= 2,1,extremely low,Watches
a50aaeefb4.jpg,<= 2,1,high,Watches
71b7a0b1ec.jpg,> 5,0,high,Watches
59608742d1.jpg,<= 2,1,extremely low,Perfumes
e36469f740.jpg,<= 2,0,high,Perfumes
dd1ff6a115.jpg,0,0,high,Real Estate
abf691eb44.jpg,> 2 & < 5,0,medium,Watches
f8270f6891.jpg,> 2 & < 5,0,high,Cars
f9fb765f31.jpg,> 2 & < 5,0,low,Real Estate
e90c092101.jpg,> 2 & < 5,0,medium,Perfumes
584201686b.jpg,<= 2,0,high,Real Estate
47df431abf.jpg,<= 2,0,extremely high,Cars
f7501cd2ba.jpg,<= 2,0,high,Cars
b73df9da6f.jpg,<= 2,1,extremely low,Perfumes
2374fd17c8.jpg,> 5,0,medium,Cars
fdc85f0de8.jpg,0,0,low,Perfumes
bcf78703e5.jpg,<= 2,0,medium,Cars
6c4ba899f7.jpg,<= 2,1,extremely high,Perfumes
d2b923205d.jpg,> 2 & < 5,0,low,Perfumes
af72340108.jpg,> 5,0,high,Perfumes
aae9e0b41c.jpg,0,1,high,Perfumes
4ef75bae57.jpg,<= 2,0,extremely low,Watches
a58713784c.jpg,0,0,medium,Watches
a0850f685d.jpg,> 2 & < 5,0,high,Cars
7dd9bf2491.jpg,0,0,high,Perfumes
785c22e2b4.jpg,0,1,extremely low,Cars
6306c0c3bf.jpg,> 5,0,medium,Cars
140c9ab57a.jpg,> 2 & < 5,0,medium,Real Estate
1411383cce.jpg,> 2 & < 5,0,high,Watches
e838a33433.jpg,0,0,extremely low,Perfumes
88581556f5.jpg,<= 2,0,low,Cars
7a4723bb96.jpg,0,1,extremely high,Perfumes
c4f709697f.jpg,> 2 & < 5,0,medium,Watches
a5c83f87a5.jpg,<= 2,0,high,Cars
d5677e38f1.jpg,> 5,0,medium,Cars
d095f58242.jpg,> 2 & < 5,0,medium,Cars
4d35198845.jpg,<= 2,1,low,Perfumes
4262483944.jpg,0,1,high,Perfumes
bef8644dc7.jpg,<= 2,1,high,Cars
db0bd09699.jpg,<= 2,1,high,Real Estate
0268421fe2.jpg,<= 2,1,extremely low,Watches
151744b79e.jpg,> 5,0,medium,Watches
d4c5f46ebe.jpg,0,1,extremely low,Watches
a251eec316.jpg,<= 2,0,extremely high,Real Estate
f6c29d3126.jpg,<= 2,0,extremely high,Real Estate
21274137d7.jpg,0,0,medium,Watches
752e0c4f2b.jpg,<= 2,0,extremely high,Real Estate
643629a2cb.jpg,0,1,high,Watches
824a5d9ec6.jpg,<= 2,0,medium,Cars
896648b1fc.jpg,0,0,extremely low,Perfumes
ba433158fa.jpg,<= 2,1,low,Perfumes
859b202710.jpg,<= 2,1,extremely high,Watches
adcf430645.jpg,0,0,extremely high,Cars
0616f2c953.jpg,> 5,0,low,Real Estate
6657c63868.jpg,> 5,0,medium,Watches
1d678ce627.jpg,> 2 & < 5,0,medium,Watches
815be7df6a.jpg,> 5,0,medium,Real Estate
e6f7f37d38.jpg,0,0,low,Perfumes
57e67780f1.jpg,<= 2,1,low,Watches
df98a378ff.jpg,0,1,high,Cars
885ccca8a7.jpg,0,1,extremely low,Perfumes
51c2ff0b0a.jpg,0,0,medium,Cars
9b57700dff.jpg,0,1,extremely high,Perfumes
3af44088e4.jpg,> 5,0,medium,Watches
cd41043c2e.jpg,> 2 & < 5,0,medium,Cars
f9c008ae10.jpg,0,0,high,Real Estate
dfb2cb073c.jpg,<= 2,0,high,Cars
2fd30be0fb.jpg,> 5,0,medium,Watches
eb99f07727.jpg,0,0,extremely low,Real Estate
89a4a4dcdd.jpg,0,1,low,Watches
ade530fc45.jpg,<= 2,0,low,Perfumes
0c4ee18bc6.jpg,0,1,extremely low,Perfumes
90684e2e17.jpg,> 5,0,medium,Cars
0fb12ae96c.jpg,<= 2,0,low,Watches
a39f3bdf81.jpg,0,1,extremely low,Watches
7085f5bb75.jpg,0,1,extremely high,Perfumes
f04c121621.jpg,0,1,medium,Watches
849184abcd.jpg,<= 2,1,extremely low,Watches
1412eba3dc.jpg,0,1,extremely low,Watches
2773d7cfad.jpg,0,0,extremely high,Cars
e2b9213467.jpg,<= 2,0,low,Cars
c5a5002df4.jpg,> 2 & < 5,0,low,Perfumes
c544654a91.jpg,0,0,high,Watches
c3330b1e8f.jpg,0,0,low,Perfumes
ab0c38cca9.jpg,<= 2,1,extremely low,Perfumes
a63318b5db.jpg,> 2 & < 5,0,medium,Watches
d3ae013bed.jpg,<= 2,0,high,Watches
df2d0e833e.jpg,> 2 & < 5,0,medium,Cars
cbe8823aa7.jpg,0,1,high,Real Estate
c1244ef2be.jpg,<= 2,1,extremely low,Perfumes
66b0ab64a7.jpg,0,1,high,Cars
688f7140b4.jpg,0,1,high,Watches
83f50fff5b.jpg,> 2 & < 5,0,high,Watches
d420a385da.jpg,0,1,extremely high,Cars
c7525223f6.jpg,> 2 & < 5,0,high,Real Estate
14ff9523b9.jpg,0,0,extremely high,Real Estate
babde966c5.jpg,<= 2,0,extremely high,Real Estate
26b8daef6e.jpg,<= 2,0,extremely high,Cars
c4fc272025.jpg,<= 2,0,medium,Watches
977bd55ede.jpg,<= 2,0,high,Watches
abbcff1a0b.jpg,<= 2,0,high,Cars
65709ac773.jpg,<= 2,0,high,Cars
7042ad432b.jpg,> 5,0,medium,Perfumes
696b6cd3d0.jpg,<= 2,0,high,Real Estate
b53d4323d8.jpg,0,1,extremely low,Real Estate
2e685282b1.jpg,> 5,0,medium,Watches
d219fdb5ee.jpg,<= 2,1,high,Perfumes
aa53b9156f.jpg,> 2 & < 5,0,low,Perfumes
6bda6d30e9.jpg,0,0,extremely high,Perfumes
a346a25a5c.jpg,> 5,0,medium,Watches
337b945899.jpg,0,1,extremely low,Watches
0c86f2645e.jpg,> 2 & < 5,0,medium,Cars
b07c14e7f0.jpg,0,0,high,Watches
8503dcd9da.jpg,> 2 & < 5,0,low,Perfumes
406bbf0941.jpg,0,0,high,Real Estate
c3f185f825.jpg,0,1,extremely low,Cars
e3d283b73b.jpg,> 5,0,high,Perfumes
8898194ddd.jpg,<= 2,1,high,Cars
cb65cac4f5.jpg,<= 2,0,extremely high,Cars
c90c2eba29.jpg,> 2 & < 5,0,medium,Perfumes
c344030cfe.jpg,<= 2,0,extremely high,Perfumes
71319391d2.jpg,<= 2,0,extremely low,Perfumes
ba2eb27344.jpg,0,1,high,Perfumes
cfa05daa20.jpg,0,1,low,Real Estate
7474c1e6ac.jpg,0,0,medium,Watches
b51e2d6150.jpg,<= 2,1,extremely high,Real Estate
80887b53db.jpg,<= 2,0,high,Perfumes
73851fee25.jpg,0,1,high,Perfumes
7b7218c95e.jpg,> 5,0,medium,Cars
90de60c035.jpg,> 5,0,medium,Real Estate
9508a250a0.jpg,<= 2,1,low,Watches
d0e5b603b1.jpg,> 2 & < 5,0,high,Perfumes
d785a5220f.jpg,0,1,extremely low,Watches
b1a8538b3a.jpg,0,0,extremely high,Perfumes
1d6de918f5.jpg,0,0,extremely high,Watches
a255b74904.jpg,<= 2,1,high,Perfumes
eccdb13018.jpg,0,0,extremely high,Cars
bf6195fafc.jpg,<= 2,1,low,Perfumes
4552b93c48.jpg,<= 2,0,extremely high,Watches
b174027e0d.jpg,0,0,high,Real Estate
8e8a4055bd.jpg,0,0,extremely high,Cars
b94329ffed.jpg,<= 2,1,high,Real Estate
b71b176019.jpg,<= 2,0,extremely high,Real Estate
1823e0e53a.jpg,0,1,high,Cars
0ebc253d83.jpg,0,0,high,Perfumes
f1ae598c6b.jpg,<= 2,1,extremely low,Perfumes
0ca7610d86.jpg,<= 2,1,low,Watches
94aba34251.jpg,> 2 & < 5,0,high,Real Estate
839bea6129.jpg,<= 2,1,high,Perfumes
59b877078e.jpg,0,1,low,Cars
ca18ff2c5a.jpg,0,1,extremely high,Cars
0379417d08.jpg,<= 2,0,extremely high,Watches
67e90541b8.jpg,> 5,0,medium,Cars
0c1b6c259e.jpg,> 5,0,medium,Watches
cca1f59b3e.jpg,0,0,high,Cars
333dea6ca7.jpg,0,1,high,Watches
566212565d.jpg,<= 2,1,extremely high,Cars
2dededd14c.jpg,<= 2,0,medium,Watches
939886ce5a.jpg,0,0,extremely high,Cars
eb5c3877c8.jpg,0,0,low,Real Estate
9e30a71e2f.jpg,0,0,high,Cars
8a3d6ad9a1.jpg,<= 2,1,low,Perfumes
8d8d5aee72.jpg,<= 2,1,medium,Cars
635d2eb5ee.jpg,0,0,extremely high,Watches
ce7ed76f29.jpg,<= 2,0,extremely low,Real Estate
9d591bc078.jpg,<= 2,1,extremely low,Perfumes
82688a42bd.jpg,<= 2,0,high,Real Estate
a91825ab32.jpg,0,1,low,Cars
c6bc280a46.jpg,0,0,high,Cars
27999fd5f0.jpg,0,1,low,Watches
87cc33e544.jpg,<= 2,1,low,Real Estate
3258888097.jpg,<= 2,1,low,Perfumes
25b22513a4.jpg,> 5,0,high,Real Estate
77f0a2c238.jpg,<= 2,1,extremely low,Watches
aed1f251f0.jpg,0,1,medium,Cars
b02bad2803.jpg,0,0,extremely low,Real Estate
403b203624.jpg,<= 2,1,medium,Watches
b84dcd85ab.jpg,> 2 & < 5,0,medium,Real Estate
be0f812276.jpg,<= 2,1,extremely low,Cars
54c6cda8b2.jpg,0,0,extremely low,Watches
54af3d5d91.jpg,<= 2,1,extremely high,Cars
a328463dc1.jpg,> 5,0,high,Perfumes
e490729d4d.jpg,0,0,extremely high,Cars
5557b944e3.jpg,<= 2,1,extremely low,Watches
8f0ca41105.jpg,0,0,medium,Cars
377b78712a.jpg,> 2 & < 5,0,medium,Watches
dce7c419b0.jpg,0,1,low,Watches
a6128d0e1e.jpg,0,0,low,Real Estate
9d094ddad8.jpg,0,0,extremely high,Perfumes
6511f941df.jpg,> 5,0,high,Cars
49be546684.jpg,0,1,extremely low,Cars
171538fbb8.jpg,<= 2,1,high,Watches
c8c387de5c.jpg,0,0,extremely high,Cars
4c47b4b988.jpg,<= 2,0,extremely high,Watches
cc38bb7a95.jpg,> 2 & < 5,0,medium,Cars
f8b4ca4305.jpg,0,1,high,Perfumes
586aa519d8.jpg,> 2 & < 5,0,medium,Cars
9600ebdba8.jpg,0,1,extremely low,Real Estate
496dea2aba.jpg,> 2 & < 5,0,medium,Watches
af59cff601.jpg,0,0,low,Perfumes
898dd7d084.jpg,0,1,extremely high,Perfumes
959ae61e48.jpg,0,0,low,Real Estate
721464513e.jpg,0,0,extremely low,Cars
3440e6917d.jpg,0,1,extremely high,Cars
a66138f7a4.jpg,> 2 & < 5,0,high,Perfumes
23254ae8aa.jpg,<= 2,0,extremely low,Watches
2e510b4ae2.jpg,0,1,low,Watches
d21f63be6b.jpg,0,0,extremely high,Perfumes
37bcb69b37.jpg,<= 2,0,low,Perfumes
6942d8f1e7.jpg,> 2 & < 5,0,high,Perfumes
64bac38974.jpg,0,1,extremely high,Real Estate
80d4f3ce89.jpg,0,1,high,Cars
f4ee1b03a3.jpg,0,1,extremely low,Perfumes
bdf2d3fa98.jpg,0,0,low,Watches
cc644bb22b.jpg,0,0,high,Perfumes
06371289d9.jpg,> 2 & < 5,0,medium,Watches
760688120b.jpg,<= 2,0,high,Perfumes
ff60c911a7.jpg,<= 2,0,low,Cars
93a242cb16.jpg,> 5,0,high,Cars
6fc59fb3c6.jpg,<= 2,1,extremely low,Perfumes
b91402de94.jpg,<= 2,0,extremely high,Watches
3d5f01d32f.jpg,> 5,0,high,Perfumes
d98ab5841e.jpg,0,1,high,Real Estate
e1fd395f31.jpg,<= 2,0,low,Watches
fdb841c22b.jpg,> 5,0,medium,Watches
4e1d6b4c9f.jpg,> 5,0,medium,Perfumes
434c68b70e.jpg,> 5,0,medium,Cars
e8a5bf7459.jpg,0,1,low,Cars
23f58f0ef3.jpg,<= 2,1,high,Real Estate
f5b6556063.jpg,> 5,0,medium,Watches
d89cc9f581.jpg,0,0,extremely high,Real Estate
4c5e4e1e92.jpg,0,1,high,Perfumes
dc00ae621c.jpg,0,1,extremely high,Perfumes
d75ee0c250.jpg,0,1,high,Perfumes
f5a8ff3e0c.jpg,> 5,0,low,Perfumes
9740a41357.jpg,<= 2,1,medium,Cars
eb20616f4b.jpg,<= 2,0,high,Cars
55c8ba946c.jpg,> 2 & < 5,0,medium,Cars
74db52515f.jpg,> 5,0,medium,Cars
1e105bf658.jpg,0,1,extremely low,Watches
3a8100b5e7.jpg,0,0,extremely low,Perfumes
2adda2e6ff.jpg,0,0,extremely low,Watches
4838d34077.jpg,> 2 & < 5,0,high,Cars
bcaf8f76cc.jpg,<= 2,0,extremely low,Real Estate
b49e8d4cb8.jpg,> 2 & < 5,0,medium,Perfumes
5380a12892.jpg,<= 2,1,high,Perfumes
659981f73d.jpg,<= 2,0,high,Cars
c5f9c3cf96.jpg,0,1,extremely high,Perfumes
be6bc0a3db.jpg,<= 2,0,high,Real Estate
d14db8693e.jpg,0,0,extremely low,Watches
c4485f7712.jpg,0,0,high,Perfumes
80951b74d3.jpg,0,1,high,Cars
0d31309a66.jpg,0,1,low,Watches
f563b04318.jpg,<= 2,0,high,Cars
922106487e.jpg,0,1,medium,Watches
22934069ae.jpg,<= 2,0,extremely high,Watches
56b2047bca.jpg,<= 2,1,extremely high,Real Estate
484770d4bf.jpg,> 2 & < 5,0,medium,Watches
42022e0097.jpg,0,1,low,Watches
d1ced4ef5b.jpg,0,1,low,Perfumes
f66ec6409b.jpg,0,1,extremely low,Cars
be3022f539.jpg,> 2 & < 5,0,medium,Watches
2c766ea241.jpg,> 5,0,medium,Watches
446634987a.jpg,> 5,0,medium,Perfumes
365e743aa1.jpg,<= 2,0,extremely low,Real Estate
2c3951d3e6.jpg,0,1,extremely high,Perfumes
2ff85cbe56.jpg,<= 2,0,high,Perfumes
617bbb2689.jpg,<= 2,0,low,Real Estate
577d666822.jpg,0,1,medium,Watches
43a4fa59e0.jpg,> 5,0,medium,Perfumes
7851c0c67f.jpg,<= 2,0,extremely high,Watches
4367da9377.jpg,<= 2,0,extremely low,Cars
431a2f1238.jpg,<= 2,0,high,Watches
9ef2783461.jpg,0,1,low,Cars
309fa9d0ff.jpg,<= 2,0,extremely high,Real Estate
b031275323.jpg,> 2 & < 5,0,medium,Watches
ffa20e58d2.jpg,<= 2,1,high,Real Estate
871e8f1c2a.jpg,<= 2,0,extremely high,Cars
dcbcda4420.jpg,<= 2,0,extremely low,Perfumes
1458283535.jpg,<= 2,1,high,Cars
8b3cd19ecf.jpg,0,0,extremely low,Perfumes
944a3e667e.jpg,<= 2,1,high,Perfumes
c387ad6d5b.jpg,> 5,0,low,Real Estate
3968eaefb1.jpg,0,1,extremely low,Perfumes
647342cbeb.jpg,0,1,extremely low,Cars
d7da146a6f.jpg,0,1,extremely low,Watches
d08c0a3c20.jpg,0,1,extremely high,Watches
ca5002b934.jpg,<= 2,0,low,Watches
92f38a9b19.jpg,> 5,0,medium,Watches
957499ffa2.jpg,<= 2,1,high,Perfumes
665af919f8.jpg,<= 2,0,high,Watches
a9bd0f605f.jpg,0,0,extremely low,Perfumes
b2612d9b84.jpg,> 2 & < 5,0,medium,Perfumes
dd265a5ec3.jpg,<= 2,0,high,Watches
03797854d2.jpg,0,1,high,Perfumes
e76fa242e5.jpg,0,1,high,Perfumes
8ec581b85e.jpg,0,1,extremely high,Perfumes
251f1bd3c9.jpg,<= 2,1,low,Cars
59becfc22a.jpg,0,0,extremely low,Cars
ddcd0a479c.jpg,0,0,low,Cars
b1cccce543.jpg,0,0,high,Cars
214cdb64d8.jpg,0,1,medium,Cars
eccd4a8112.jpg,0,1,high,Real Estate
571a85168d.jpg,0,0,high,Cars
60b4a78eaf.jpg,> 5,0,high,Watches
ea8af6a796.jpg,> 5,0,medium,Watches
48bb854bca.jpg,<= 2,1,extremely high,Cars
1253c0e756.jpg,0,0,high,Real Estate
f160f7e5bf.jpg,<= 2,0,high,Watches
b92beaafa9.jpg,<= 2,1,extremely low,Perfumes
cc6af8b4f2.jpg,<= 2,0,extremely low,Perfumes
ee77e56fbf.jpg,<= 2,0,extremely low,Perfumes
683ee9ed49.jpg,> 5,0,medium,Watches
f04ee82a06.jpg,0,1,extremely high,Watches
65f356d856.jpg,<= 2,0,extremely low,Cars
c1645137a9.jpg,> 5,0,high,Perfumes
02b068cb16.jpg,> 5,0,medium,Watches
b02479d997.jpg,0,1,low,Perfumes
d0d521c2a5.jpg,<= 2,1,extremely high,Real Estate
cb4159b66e.jpg,<= 2,0,high,Perfumes
d50c409cd4.jpg,<= 2,0,high,Perfumes
0fbf7d0fdb.jpg,0,1,extremely low,Perfumes
8100cd71fd.jpg,<= 2,1,low,Cars
3fcab47c24.jpg,<= 2,1,extremely high,Watches
329d346846.jpg,> 2 & < 5,0,medium,Real Estate
6a5e9de366.jpg,<= 2,0,extremely low,Perfumes
6821ff0e7d.jpg,> 5,0,low,Perfumes
e1ccf735dd.jpg,> 2 & < 5,0,medium,Watches
913ec94a4c.jpg,0,0,high,Real Estate
0ad0e36760.jpg,0,0,low,Perfumes
4443edeeac.jpg,<= 2,1,high,Cars
daf44336fb.jpg,0,1,high,Real Estate
cda49f6daa.jpg,0,0,extremely high,Cars
f77cd5bda0.jpg,0,0,extremely low,Perfumes
ea8a2af4dc.jpg,<= 2,1,low,Perfumes
86936626d6.jpg,<= 2,1,high,Watches
0db5463d61.jpg,<= 2,0,low,Perfumes
2a88520a11.jpg,<= 2,0,extremely low,Watches
0f798e402c.jpg,> 5,0,medium,Perfumes
408ebeacae.jpg,0,0,extremely low,Cars
a341fb1991.jpg,<= 2,1,extremely low,Real Estate
f87baeae81.jpg,0,0,high,Cars
d9a0313761.jpg,> 5,0,high,Cars
fdacb17fd9.jpg,0,1,extremely high,Watches
b84cb3047b.jpg,0,1,extremely high,Perfumes
aa04364702.jpg,> 5,0,medium,Watches
fdc0f66928.jpg,0,1,low,Perfumes
c17da711b6.jpg,0,1,extremely low,Cars
f1eda1274b.jpg,> 2 & < 5,0,medium,Cars
24ee55be44.jpg,<= 2,0,extremely low,Real Estate
d76cb6585a.jpg,<= 2,0,low,Perfumes
e8953fd5f4.jpg,> 5,0,medium,Perfumes
8e4694795a.jpg,<= 2,1,extremely low,Perfumes
f365cb1c7f.jpg,<= 2,1,low,Watches
d6ed58bc01.jpg,0,0,extremely high,Watches
ad48c1ad56.jpg,<= 2,0,low,Perfumes
b869ee0d63.jpg,0,1,low,Perfumes
d9790cafdd.jpg,0,1,extremely high,Watches
d52269a641.jpg,0,0,extremely high,Cars
8075d5a185.jpg,0,0,low,Perfumes
5a721ffc8d.jpg,> 5,0,medium,Perfumes
fe0eac5222.jpg,0,1,high,Cars
f4edcdbaa3.jpg,> 5,0,medium,Watches
f87b1d7059.jpg,> 2 & < 5,0,high,Perfumes
08341ddd8e.jpg,> 2 & < 5,0,medium,Cars
7467000908.jpg,<= 2,1,high,Cars
ec67a3a08e.jpg,<= 2,0,high,Watches
6d509b85e7.jpg,<= 2,0,extremely high,Perfumes
43dcc022a2.jpg,0,0,extremely low,Real Estate
861018c677.jpg,<= 2,1,extremely low,Watches
15c94dd239.jpg,<= 2,1,extremely high,Perfumes
b3859e27fe.jpg,0,1,medium,Cars
45de7b0e9b.jpg,> 2 & < 5,0,medium,Cars
7c2774714e.jpg,0,1,medium,Cars
378380f05b.jpg,0,1,medium,Watches
9e77eba7d7.jpg,0,0,high,Cars
da688c3b16.jpg,<= 2,0,extremely high,Cars
7691717304.jpg,0,0,low,Perfumes
efcbde73bf.jpg,> 5,0,high,Real Estate
58996e021f.jpg,<= 2,0,low,Perfumes
e5a474d331.jpg,> 2 & < 5,0,medium,Watches
8e04621c42.jpg,<= 2,1,high,Perfumes
b3975ba8b7.jpg,> 5,0,high,Real Estate
219c42fd7f.jpg,> 5,0,medium,Cars
c47ea84753.jpg,0,1,medium,Watches
a04e781ff1.jpg,0,1,high,Real Estate
15c1e52daf.jpg,0,1,extremely high,Real Estate
96c48c3ee4.jpg,<= 2,0,extremely high,Real Estate
1d7bd39817.jpg,> 2 & < 5,0,low,Perfumes
697ccc3266.jpg,0,0,high,Cars
f01ca3e0a2.jpg,> 5,0,medium,Watches
8bb35403b8.jpg,<= 2,0,extremely low,Perfumes
5548249026.jpg,0,1,extremely high,Watches
c45c446840.jpg,<= 2,1,low,Cars
1c9d549fdd.jpg,<= 2,1,low,Watches
a8ffb48dc3.jpg,0,1,high,Real Estate
a170eeb1b6.jpg,0,1,extremely low,Perfumes
6ade33ca88.jpg,0,1,low,Perfumes
8131b6284d.jpg,> 5,0,medium,Watches
2538bffaed.jpg,0,0,extremely high,Perfumes
ba700ac517.jpg,<= 2,0,medium,Watches
cb9d9d1c2f.jpg,<= 2,1,low,Cars
b88fa5c083.jpg,<= 2,0,high,Cars
04bd141da4.jpg,<= 2,0,low,Watches
acdd7259ce.jpg,0,1,extremely high,Perfumes
90fce4455f.jpg,<= 2,0,extremely low,Watches
87cf84d6fd.jpg,> 5,0,medium,Real Estate
c916c5c746.jpg,0,1,extremely high,Perfumes
95564383c0.jpg,0,1,high,Watches
3da88b70aa.jpg,> 5,0,medium,Watches
0b5d66b137.jpg,0,1,extremely high,Cars
e93cb8984a.jpg,0,1,extremely high,Perfumes
a432ac08c1.jpg,0,0,extremely low,Watches
9c7adbfb71.jpg,0,1,high,Cars
b817c9f840.jpg,0,1,high,Perfumes
de2f72c0cd.jpg,<= 2,1,extremely high,Watches
55d9bbd427.jpg,0,0,extremely high,Real Estate
ffbc3a04bf.jpg,<= 2,0,high,Perfumes
9d045c4954.jpg,<= 2,0,high,Cars
b765cf9071.jpg,0,1,medium,Watches
e1a30f2d76.jpg,<= 2,0,high,Perfumes
c7f31aefe3.jpg,0,1,high,Watches
8235322728.jpg,0,1,extremely high,Watches
9093a647d0.jpg,<= 2,0,extremely low,Real Estate
94a3f46409.jpg,<= 2,0,high,Real Estate
ad1ba92864.jpg,> 5,0,medium,Real Estate
d8cd8c38d2.jpg,0,0,high,Cars
27066126a1.jpg,0,1,extremely high,Watches
4b311ebc73.jpg,> 2 & < 5,0,medium,Perfumes
519a1b9388.jpg,> 2 & < 5,0,high,Watches
ad91a254f9.jpg,0,0,extremely low,Real Estate
7bdfd98684.jpg,<= 2,0,low,Perfumes
0c3394d226.jpg,<= 2,1,extremely high,Perfumes
2654b9a0f6.jpg,<= 2,1,high,Perfumes
397ae92043.jpg,0,1,extremely low,Real Estate
3dc7d6d037.jpg,<= 2,0,high,Perfumes
a04f6e1008.jpg,> 5,0,medium,Real Estate
919458aba7.jpg,> 2 & < 5,0,low,Real Estate
842aa0e4b9.jpg,0,1,extremely low,Perfumes
cd7e7e7103.jpg,<= 2,1,extremely low,Watches
c6eb52b86b.jpg,<= 2,0,medium,Cars
3b830ef3d4.jpg,<= 2,0,low,Perfumes
fb268ab046.jpg,<= 2,0,extremely high,Watches
7a54b0ede4.jpg,> 5,0,medium,Perfumes
fcf90e9176.jpg,<= 2,0,low,Perfumes
bc3ae76e7b.jpg,<= 2,0,low,Perfumes
ddba9760f9.jpg,<= 2,0,low,Perfumes
e6c24d0b2a.jpg,> 2 & < 5,0,low,Real Estate
ca63ddcc62.jpg,0,1,low,Perfumes
0a43dbc4e9.jpg,0,0,low,Perfumes
b442f86c6e.jpg,<= 2,0,extremely low,Cars
f4731f97ef.jpg,> 5,0,high,Cars
ac3c887f5f.jpg,0,1,low,Watches
2783251896.jpg,> 2 & < 5,0,medium,Watches
f2d88839e7.jpg,0,0,high,Cars
c45caf3078.jpg,> 5,0,medium,Cars
decf34681d.jpg,0,0,extremely high,Real Estate
c916162b21.jpg,0,1,high,Cars
6d5539312d.jpg,> 5,0,medium,Perfumes
f782011617.jpg,<= 2,1,extremely low,Real Estate
d0b0f187f9.jpg,0,1,extremely low,Perfumes
e342c16b54.jpg,0,1,high,Cars
ce75f18c1f.jpg,<= 2,0,high,Cars
1937da30f7.jpg,0,0,high,Cars
1b4c8f5c0a.jpg,> 2 & < 5,0,medium,Watches
33ffc28f8b.jpg,> 2 & < 5,0,medium,Cars
f0f7f57fbf.jpg,0,0,extremely low,Perfumes
4d9430b9a3.jpg,0,1,extremely low,Perfumes
c0cf131103.jpg,0,0,extremely low,Watches
51708c1ff8.jpg,<= 2,1,extremely high,Cars
6247c6eead.jpg,<= 2,1,extremely high,Watches
44bfc4e2a1.jpg,<= 2,1,extremely high,Real Estate
79d57a36bc.jpg,> 2 & < 5,0,high,Real Estate
2348a1f809.jpg,0,0,high,Cars
bcbdbce80b.jpg,<= 2,1,high,Real Estate
dd409e6927.jpg,<= 2,0,extremely high,Cars
ce718e1704.jpg,> 5,0,medium,Cars
562e74b602.jpg,<= 2,0,low,Real Estate
46685d13a8.jpg,0,1,extremely low,Perfumes
fdce105821.jpg,0,0,medium,Cars
893a460859.jpg,<= 2,0,medium,Cars
a94954d2fa.jpg,0,1,medium,Cars
aeb706df24.jpg,<= 2,1,medium,Watches
171ab9bf06.jpg,0,1,extremely high,Watches
19c527c525.jpg,> 2 & < 5,0,high,Cars
d430ff1425.jpg,<= 2,1,high,Real Estate
50d5a17e80.jpg,<= 2,0,extremely low,Real Estate
f3a0d5a1f4.jpg,0,1,high,Cars
53d353ea94.jpg,> 5,0,medium,Watches
97f05c9a02.jpg,<= 2,0,low,Watches
fcd9a83c09.jpg,> 2 & < 5,0,high,Watches
35c16d147c.jpg,> 2 & < 5,0,low,Perfumes
d7d13f4932.jpg,0,0,extremely high,Watches
28c95eba00.jpg,> 2 & < 5,0,medium,Cars
189eeddc4d.jpg,> 5,0,high,Watches
b6e842c0b0.jpg,<= 2,1,extremely low,Watches
b7f5ccb327.jpg,0,1,high,Real Estate
e241745ab9.jpg,0,1,extremely high,Cars
f4ff32714c.jpg,0,1,extremely high,Perfumes
3eac4dcdb4.jpg,<= 2,0,medium,Watches
c2dda90ddb.jpg,<= 2,0,extremely low,Watches
067ed59e10.jpg,<= 2,1,extremely high,Watches
36dc22f9f4.jpg,> 5,0,high,Watches
b9f63dc4b6.jpg,<= 2,1,extremely low,Perfumes
97b32d9327.jpg,<= 2,1,medium,Cars
f84ef70c74.jpg,> 5,0,medium,Watches
2b2983b0f8.jpg,0,0,high,Watches
60ab964921.jpg,0,0,medium,Cars
aff26c25c3.jpg,<= 2,0,extremely high,Perfumes
0969651e74.jpg,<= 2,1,extremely high,Perfumes
165e5abddf.jpg,> 2 & < 5,0,medium,Watches
4974b7df26.jpg,<= 2,0,high,Perfumes
1563cc2699.jpg,<= 2,1,low,Perfumes
730e03cc12.jpg,0,1,low,Watches
491d2642e6.jpg,<= 2,0,extremely low,Real Estate
3c2b2bc1db.jpg,0,0,low,Perfumes
3945213d53.jpg,0,1,extremely low,Cars
eebfe5cfae.jpg,> 2 & < 5,0,medium,Cars
15363cfa8f.jpg,0,1,low,Perfumes
7dc99ba153.jpg,<= 2,0,extremely high,Cars
edc81f064e.jpg,> 5,0,low,Perfumes
3b7826163b.jpg,0,1,extremely low,Perfumes
64a95655c4.jpg,0,1,extremely low,Watches
dd85b40388.jpg,> 5,0,high,Watches
0a45057c41.jpg,> 5,0,low,Perfumes
09879243af.jpg,0,1,extremely high,Real Estate
bbf85421be.jpg,<= 2,0,high,Cars
57e10d9b76.jpg,0,0,high,Real Estate
de5df3f86c.jpg,<= 2,1,extremely low,Watches
0ba3d3be53.jpg,0,1,extremely low,Watches
c1a17ebb75.jpg,> 5,0,high,Cars
418cc31c6a.jpg,<= 2,1,high,Cars
5538f1f599.jpg,<= 2,1,extremely low,Watches
ae1b728169.jpg,> 2 & < 5,0,medium,Watches
bc409eac47.jpg,<= 2,0,low,Perfumes
11e61e86d4.jpg,0,1,extremely high,Real Estate
7d46e65f85.jpg,> 5,0,medium,Cars
9a96e7be98.jpg,<= 2,0,high,Perfumes
881879e0f0.jpg,<= 2,0,high,Real Estate
35d3b370b8.jpg,<= 2,0,high,Cars
e127e492a6.jpg,> 2 & < 5,0,low,Real Estate
b2e1e38945.jpg,<= 2,0,low,Watches
fb4e40ac40.jpg,0,0,low,Real Estate
d81709e79f.jpg,0,1,extremely high,Real Estate
0b343e5a07.jpg,0,0,low,Watches
aa5e1fdf0d.jpg,0,0,medium,Watches
913681e5ed.jpg,> 5,0,medium,Perfumes
d85128eab0.jpg,0,1,high,Cars
c9d80df657.jpg,<= 2,1,high,Cars
b2eca033b3.jpg,0,1,low,Perfumes
7100424b2b.jpg,0,1,low,Cars
ad720651c8.jpg,<= 2,0,high,Cars
76dbec4a8d.jpg,0,0,low,Cars
adb0ba967e.jpg,0,1,low,Watches
e4dc4c694a.jpg,<= 2,0,low,Cars
62a6743e30.jpg,<= 2,1,medium,Watches
42607119af.jpg,> 2 & < 5,0,high,Perfumes
87af2bfb27.jpg,> 2 & < 5,0,high,Cars
3fca9fbdb6.jpg,0,1,extremely high,Perfumes
fe3dee772e.jpg,0,1,extremely high,Real Estate
c684c94e27.jpg,> 5,0,high,Watches
a8ac13fa12.jpg,> 2 & < 5,0,medium,Watches
db26fa46ad.jpg,<= 2,0,extremely low,Watches
a9583ada0d.jpg,<= 2,1,extremely low,Watches
4b3efff0e9.jpg,<= 2,0,low,Perfumes
c79015ef41.jpg,0,0,extremely low,Cars
3c8fc93c96.jpg,0,1,extremely high,Perfumes
581743f3db.jpg,> 2 & < 5,0,high,Cars
430ac1f29e.jpg,<= 2,1,low,Real Estate
e9f6b90874.jpg,<= 2,1,extremely low,Perfumes
daa9801703.jpg,<= 2,1,extremely low,Watches
33a1f0c2f2.jpg,0,1,high,Real Estate
a213d281cc.jpg,<= 2,1,high,Perfumes
c20eb1d95d.jpg,> 2 & < 5,0,medium,Perfumes
c7ea628314.jpg,<= 2,1,extremely high,Cars
c281a0ffb0.jpg,0,0,low,Cars
45a5c445ac.jpg,<= 2,0,extremely high,Real Estate
d278c0d172.jpg,<= 2,0,medium,Watches
c4beb77705.jpg,> 5,0,high,Cars
211090ac84.jpg,0,0,extremely high,Perfumes
95a37e635c.jpg,> 2 & < 5,0,high,Watches
97150b1adc.jpg,<= 2,0,high,Cars
d65c142c8f.jpg,<= 2,1,low,Real Estate
b9170705cf.jpg,0,0,extremely high,Cars
4d2e5d4c39.jpg,> 5,0,high,Watches
f09f87cd94.jpg,> 2 & < 5,0,medium,Real Estate
39289eb95a.jpg,<= 2,1,low,Watches
8bcc657fa1.jpg,0,0,high,Cars
6799ef5680.jpg,<= 2,1,high,Cars
fdaa2dbd40.jpg,> 2 & < 5,0,medium,Perfumes
78a6973f92.jpg,> 5,0,medium,Cars
3e027cc9c7.jpg,<= 2,1,extremely high,Watches
a058c9efb7.jpg,0,1,extremely high,Watches
6893f40ab0.jpg,0,0,high,Perfumes
710c2d3ef2.jpg,<= 2,1,extremely low,Watches
10725f6367.jpg,<= 2,0,extremely high,Real Estate
fdfdc27a43.jpg,> 5,0,medium,Cars
d880cb86ba.jpg,0,1,low,Perfumes
b7c96d846e.jpg,<= 2,0,low,Perfumes
e12d475866.jpg,<= 2,1,extremely low,Cars
d9dd968aba.jpg,<= 2,1,high,Cars
7d280470d3.jpg,0,1,extremely high,Cars
72c90fb339.jpg,> 2 & < 5,0,medium,Cars
851aa5428b.jpg,0,0,high,Watches
74af03c075.jpg,0,1,high,Cars
c1b786b326.jpg,<= 2,0,medium,Watches
59ebcf1982.jpg,<= 2,0,extremely high,Watches
cf4e02dd5e.jpg,> 5,0,medium,Real Estate
61c58810a2.jpg,<= 2,0,medium,Cars
a166b6cf98.jpg,> 2 & < 5,0,medium,Watches
2c380ea462.jpg,<= 2,1,high,Perfumes
bba656a67d.jpg,<= 2,0,high,Cars
0247f761e9.jpg,<= 2,0,extremely high,Real Estate
bf1aa942fb.jpg,> 5,0,medium,Real Estate
23d6b5d418.jpg,0,0,extremely low,Cars
d536663746.jpg,0,1,extremely high,Watches
b7cadb6755.jpg,<= 2,0,low,Cars
bef6f9b768.jpg,<= 2,0,high,Real Estate
fc6f807acb.jpg,<= 2,0,extremely high,Perfumes
3a105b4938.jpg,<= 2,0,high,Perfumes
419e6c0d94.jpg,<= 2,0,low,Cars
ced4867aff.jpg,> 2 & < 5,0,medium,Watches
b96c9d34f1.jpg,> 5,0,high,Perfumes
157fa4c2c1.jpg,0,1,extremely low,Watches
3705ccfe1b.jpg,> 2 & < 5,0,low,Perfumes
9c05fb9836.jpg,<= 2,0,extremely low,Perfumes
f582141d52.jpg,<= 2,0,extremely low,Watches
e5f3c5633d.jpg,<= 2,0,low,Watches
b3bed22925.jpg,0,1,low,Cars
81676b9286.jpg,<= 2,0,extremely high,Watches
f134da8c3c.jpg,<= 2,0,high,Cars
667477e156.jpg,0,1,extremely high,Watches
4636bfa6df.jpg,> 2 & < 5,0,medium,Real Estate
e1e03c80ea.jpg,<= 2,1,high,Perfumes
1eec97cd8a.jpg,0,0,extremely low,Watches
025b3af83f.jpg,0,0,extremely low,Cars
300ae13090.jpg,> 5,0,medium,Cars
df46fc4b77.jpg,0,0,extremely low,Real Estate
95a90c0b75.jpg,0,0,low,Real Estate
22dabf6634.jpg,0,1,extremely high,Cars
a877d146ae.jpg,<= 2,0,high,Watches
34872dbe37.jpg,<= 2,0,extremely high,Cars
17e2a0708d.jpg,0,0,high,Perfumes
d3d852e682.jpg,<= 2,1,low,Real Estate
93dd45504b.jpg,0,0,extremely low,Real Estate
ac71fe8dd4.jpg,<= 2,1,extremely high,Perfumes
a61d271222.jpg,0,1,high,Cars
4405e275ad.jpg,<= 2,0,extremely low,Real Estate
37e25ddc2f.jpg,<= 2,1,extremely low,Cars
dd0b54ddba.jpg,> 5,0,low,Perfumes
d336b9bf9a.jpg,> 2 & < 5,0,low,Real Estate
808d436ee8.jpg,0,0,high,Watches
238263b18a.jpg,> 5,0,medium,Cars
f5b2d288f9.jpg,<= 2,1,high,Watches
49b3d4b3b7.jpg,0,0,extremely high,Cars
842aa7fd1c.jpg,<= 2,1,high,Real Estate
ee1f5a526d.jpg,0,0,low,Real Estate
d671981463.jpg,<= 2,0,high,Cars
a58f5a2d5d.jpg,0,0,high,Perfumes
ed0382fdf9.jpg,0,1,high,Watches
68d7a22f57.jpg,0,1,extremely low,Watches
dc5ab03cce.jpg,0,1,extremely high,Perfumes
e36d9bdc0f.jpg,0,0,extremely low,Real Estate
3618e3c479.jpg,0,0,extremely low,Perfumes
93100c346f.jpg,<= 2,1,extremely high,Perfumes
56b97de630.jpg,0,1,high,Real Estate
56c94901cb.jpg,> 5,0,medium,Real Estate
5d7e10cfd9.jpg,0,1,high,Perfumes
e9915adc63.jpg,<= 2,1,extremely high,Cars
38db2989b7.jpg,0,1,extremely high,Cars
b757f5bcd5.jpg,<= 2,0,low,Watches
fb9b3806ce.jpg,0,1,medium,Cars
3b523565f5.jpg,0,1,high,Watches
744555c2d6.jpg,0,1,extremely low,Perfumes
46c69a90f6.jpg,> 2 & < 5,0,low,Perfumes
0b51b40720.jpg,<= 2,1,extremely high,Watches
ba20377364.jpg,> 5,0,medium,Cars
bb07dc9b3f.jpg,0,0,extremely high,Cars
fd9bd2cdc3.jpg,<= 2,0,extremely high,Perfumes
c122c95c1f.jpg,<= 2,1,high,Perfumes
b877ddd9f4.jpg,> 5,0,low,Perfumes
64a38c13bc.jpg,0,1,low,Watches
535ce630e2.jpg,> 5,0,medium,Cars
93da32c630.jpg,<= 2,0,high,Cars
e20f140bc3.jpg,<= 2,1,extremely high,Cars
a316781ffe.jpg,<= 2,0,extremely high,Watches
cec01fdd24.jpg,0,0,extremely high,Watches
132754b765.jpg,0,1,low,Watches
bc94803df7.jpg,0,0,extremely low,Perfumes
e1963d2460.jpg,> 2 & < 5,0,high,Cars
2c240ece99.jpg,<= 2,1,low,Perfumes
e00a2c7565.jpg,<= 2,0,medium,Watches
d0733d5bfb.jpg,0,1,extremely low,Cars
dc8f64c90c.jpg,> 2 & < 5,0,medium,Watches
603f1ed166.jpg,> 5,0,medium,Real Estate
d74e3f743e.jpg,<= 2,0,low,Perfumes
c5c89f1dd2.jpg,<= 2,0,low,Perfumes
9b20f7ddd0.jpg,<= 2,0,extremely low,Cars
e7e9978e4e.jpg,> 2 & < 5,0,medium,Watches
8202020693.jpg,<= 2,0,extremely low,Perfumes
ddc4a78b28.jpg,> 5,0,medium,Perfumes
2ea19d9a68.jpg,<= 2,0,low,Perfumes
5c18069b01.jpg,<= 2,1,extremely low,Perfumes
02b4efab59.jpg,0,0,extremely high,Perfumes
4ed5c2b515.jpg,> 5,0,medium,Perfumes
36d2697ed6.jpg,0,0,high,Cars
c17f1a2ad9.jpg,<= 2,0,extremely high,Watches
378d0b5edd.jpg,0,1,high,Watches
29942e2c32.jpg,> 2 & < 5,0,high,Perfumes
76c03314df.jpg,<= 2,1,high,Cars
ffa413bbd9.jpg,<= 2,1,high,Cars
08cf8322bc.jpg,<= 2,0,extremely low,Cars
843b9f7561.jpg,0,1,medium,Watches
536fcc3e50.jpg,0,1,low,Cars
a08854ab54.jpg,<= 2,0,extremely high,Perfumes
5959abf734.jpg,0,1,extremely high,Cars
c9d2106513.jpg,<= 2,1,extremely low,Watches
dee98a2485.jpg,0,1,high,Cars
89263eeb1f.jpg,0,0,high,Cars
2a3d953f6b.jpg,<= 2,1,high,Watches
e8aefcd2e8.jpg,0,1,extremely high,Cars
f61c402943.jpg,0,0,extremely high,Perfumes
32b65aa1de.jpg,<= 2,0,low,Cars
46f714682f.jpg,<= 2,0,low,Perfumes
b89ccfe9be.jpg,<= 2,0,extremely high,Real Estate
0866eb919e.jpg,<= 2,1,extremely low,Real Estate
04c0443f29.jpg,<= 2,0,extremely high,Watches
f6dffeb89c.jpg,0,1,extremely high,Watches
d9218af8d2.jpg,0,1,medium,Cars
f59baa8012.jpg,<= 2,0,medium,Cars
68ca9be66c.jpg,<= 2,1,medium,Watches
438caad950.jpg,<= 2,1,high,Watches
4134a9fdf7.jpg,> 2 & < 5,0,medium,Watches
a52a0c85b5.jpg,<= 2,1,medium,Watches
5946dd112a.jpg,> 5,0,low,Perfumes
bb2cd810a3.jpg,> 2 & < 5,0,low,Real Estate
88020c6825.jpg,0,0,extremely high,Cars
784779e38e.jpg,<= 2,1,low,Real Estate
67b83af4a6.jpg,<= 2,0,extremely high,Watches
7caa6245fd.jpg,> 2 & < 5,0,medium,Cars
7799d9fca8.jpg,<= 2,1,extremely high,Perfumes
8725b15902.jpg,0,0,medium,Cars
726178314c.jpg,> 2 & < 5,0,medium,Watches
55c41cb804.jpg,> 5,0,medium,Watches
36db63439c.jpg,0,0,low,Cars
f00e869785.jpg,0,1,extremely high,Real Estate
50cc44c170.jpg,> 5,0,medium,Watches
5f5018e687.jpg,0,1,extremely low,Perfumes
993d607296.jpg,<= 2,1,low,Cars
68be36ba9d.jpg,<= 2,0,low,Cars
d20cab73ea.jpg,0,1,extremely low,Watches
efee6e180c.jpg,0,0,extremely low,Watches
6c50fcf07f.jpg,> 2 & < 5,0,medium,Perfumes
cf15cfbdd5.jpg,0,0,extremely low,Real Estate
75271c8b27.jpg,<= 2,0,extremely low,Cars
ceda9d3b4b.jpg,<= 2,0,low,Cars
39b4e6b6d3.jpg,> 5,0,high,Cars
96f81ec29b.jpg,<= 2,0,extremely high,Watches
af1a15e390.jpg,<= 2,1,extremely low,Real Estate
72529c8841.jpg,<= 2,0,extremely low,Real Estate
ef8147abef.jpg,> 2 & < 5,0,high,Perfumes
5384274410.jpg,> 5,0,high,Perfumes
58d03d19f0.jpg,> 2 & < 5,0,medium,Watches
a72932443c.jpg,<= 2,1,low,Watches
85492c67b0.jpg,> 5,0,medium,Real Estate
ad2270919b.jpg,0,1,high,Watches
0be47501b6.jpg,> 5,0,low,Perfumes
f0354df949.jpg,> 2 & < 5,0,low,Perfumes
016fe1d212.jpg,<= 2,1,medium,Cars
0bafff60c5.jpg,<= 2,0,extremely high,Perfumes
a8ca01dd4e.jpg,> 2 & < 5,0,medium,Real Estate
bdf524a1ef.jpg,0,1,high,Cars
305e04ea7c.jpg,<= 2,0,high,Real Estate
d1c3ad5bdf.jpg,<= 2,1,extremely low,Cars
f0459c8d22.jpg,<= 2,1,extremely high,Perfumes
8e9cb68326.jpg,0,0,low,Perfumes
492c2a5ce7.jpg,0,0,extremely high,Real Estate
cf3223eafc.jpg,<= 2,0,extremely high,Cars
e2f4ee30fc.jpg,<= 2,1,extremely high,Real Estate
9f5edc87eb.jpg,<= 2,1,extremely low,Real Estate
6cae12e764.jpg,<= 2,0,extremely high,Perfumes
f7d32f7ab2.jpg,<= 2,1,medium,Watches
524389a2c5.jpg,<= 2,0,high,Watches
e1b2449708.jpg,0,0,low,Cars
7305438985.jpg,0,0,low,Perfumes
984cc4444b.jpg,0,1,extremely high,Perfumes
e31520f61c.jpg,<= 2,1,low,Real Estate
d1867e8505.jpg,> 2 & < 5,0,medium,Watches
bbe4f4f602.jpg,0,1,low,Real Estate
446116ca17.jpg,<= 2,1,extremely high,Real Estate
d0479435d6.jpg,0,0,high,Watches
af2493c499.jpg,0,1,low,Perfumes
fa8ec9a302.jpg,> 2 & < 5,0,high,Watches
29c6faf279.jpg,<= 2,0,medium,Cars
960a957e3d.jpg,<= 2,0,extremely low,Perfumes
c920d9cd96.jpg,> 2 & < 5,0,low,Perfumes
457ef62793.jpg,0,0,extremely high,Cars
4da8dcc479.jpg,<= 2,0,extremely high,Watches
ce10c0185b.jpg,> 5,0,medium,Perfumes
af073b000d.jpg,0,0,low,Real Estate
db179d1e45.jpg,> 2 & < 5,0,medium,Cars
d9a9cc093f.jpg,<= 2,1,extremely low,Real Estate
9deb33cde4.jpg,> 5,0,medium,Cars
f32820e1e1.jpg,<= 2,1,extremely high,Cars
79012acb19.jpg,<= 2,0,extremely high,Cars
1fdb192d5a.jpg,> 2 & < 5,0,medium,Watches
9a6336e0bc.jpg,<= 2,0,medium,Cars
caa9749987.jpg,<= 2,0,extremely high,Cars
5433b8d01d.jpg,0,1,extremely high,Real Estate
27dd43089e.jpg,<= 2,0,low,Cars
a200c05b0e.jpg,> 5,0,medium,Perfumes
190d106463.jpg,0,0,high,Cars
a57eadfcaf.jpg,0,0,high,Perfumes
0c5f319663.jpg,0,0,extremely high,Cars
5b593da7bb.jpg,<= 2,0,low,Perfumes
b87ccf51ac.jpg,0,1,extremely high,Perfumes
97b8775c1d.jpg,> 5,0,medium,Cars
c47cd532c9.jpg,0,0,extremely low,Perfumes
106f7e553e.jpg,> 2 & < 5,0,medium,Watches
31936848de.jpg,0,1,high,Cars
d832ebf1cc.jpg,0,0,extremely high,Real Estate
124692f4cf.jpg,<= 2,0,extremely low,Watches
5bb9c990d5.jpg,0,0,extremely low,Perfumes
59ff669026.jpg,> 2 & < 5,0,medium,Cars
7059c3218c.jpg,<= 2,0,low,Watches
6be1e198f1.jpg,0,1,high,Perfumes
c71ac13f1f.jpg,<= 2,1,medium,Cars
69975f4892.jpg,0,1,low,Real Estate
e3d3d3cc28.jpg,> 5,0,medium,Cars
d3eb5b36d1.jpg,0,1,extremely high,Perfumes
45b1fd358a.jpg,<= 2,1,high,Cars
0577cbd481.jpg,> 2 & < 5,0,medium,Cars
580af58b51.jpg,0,0,medium,Cars
8e0b636abb.jpg,> 2 & < 5,0,low,Perfumes
771b715f5c.jpg,0,0,medium,Watches
ac695d5ef2.jpg,> 2 & < 5,0,medium,Cars
67ccd2e8ac.jpg,0,0,low,Real Estate
2a34b85671.jpg,> 2 & < 5,0,medium,Perfumes
eacbac0eb9.jpg,> 5,0,medium,Perfumes
ae34dff491.jpg,<= 2,0,extremely low,Cars
ffaaca1a4e.jpg,0,0,low,Perfumes
9ec8ba0ef4.jpg,<= 2,1,high,Perfumes
ea09f37035.jpg,<= 2,1,extremely low,Watches
460399462d.jpg,0,1,extremely high,Cars
7680aa5e5a.jpg,0,0,extremely low,Real Estate
79116cad9f.jpg,0,0,extremely high,Cars
ae41edbd22.jpg,> 2 & < 5,0,medium,Perfumes
b52ff81a27.jpg,0,1,extremely high,Perfumes
f5a6cbeb76.jpg,0,0,high,Real Estate
42e8b0d63d.jpg,0,0,extremely low,Cars
f36fa129c5.jpg,<= 2,1,extremely high,Watches
803eab356e.jpg,<= 2,0,high,Watches
f81216ba47.jpg,0,0,high,Cars
68a43d9203.jpg,0,0,low,Cars
5290d5eb70.jpg,0,0,low,Watches
ae655a1f5e.jpg,0,1,high,Watches
34fd50da13.jpg,0,0,extremely high,Real Estate
4ae3064dd5.jpg,0,0,extremely low,Watches
96a9b1d481.jpg,> 5,0,medium,Cars
c466157742.jpg,0,0,high,Real Estate
7992d46f3d.jpg,<= 2,1,low,Perfumes
35c9c99c01.jpg,<= 2,0,extremely high,Perfumes
4abad48b10.jpg,<= 2,0,extremely high,Perfumes
0dff692177.jpg,<= 2,0,extremely high,Watches
240f70440d.jpg,0,0,high,Real Estate
7c90f241d4.jpg,0,0,extremely high,Cars
40d10a52a5.jpg,> 5,0,medium,Cars
b5020e564e.jpg,0,0,extremely high,Perfumes
4665472f82.jpg,<= 2,1,extremely low,Perfumes
c92b6c9cc1.jpg,<= 2,0,extremely high,Real Estate
e33d170c34.jpg,0,1,extremely high,Real Estate
072471c0e8.jpg,<= 2,1,extremely high,Perfumes
549406445a.jpg,<= 2,0,extremely high,Perfumes
cc3bd8b6b6.jpg,<= 2,0,low,Cars
36914add46.jpg,0,0,extremely low,Real Estate
b82ac7514f.jpg,0,0,high,Watches
536d74727b.jpg,0,1,extremely high,Cars
21012e5a91.jpg,> 2 & < 5,0,medium,Watches
9e7f494743.jpg,0,0,extremely low,Perfumes
a4c118a3a2.jpg,<= 2,0,extremely low,Perfumes
10994e42c6.jpg,<= 2,0,extremely low,Cars
0bd7927e1a.jpg,0,1,low,Perfumes
23895cd9fb.jpg,<= 2,1,high,Perfumes
95ea2a967b.jpg,> 2 & < 5,0,low,Real Estate
524731fa98.jpg,<= 2,1,extremely high,Perfumes
cac42ac78e.jpg,> 5,0,medium,Watches
b15f2a7011.jpg,<= 2,0,high,Perfumes
e3d337ae29.jpg,<= 2,0,low,Real Estate
095315b153.jpg,0,0,low,Real Estate
078aaf86f6.jpg,<= 2,0,high,Real Estate
b78582a5be.jpg,> 5,0,medium,Watches
257ec53c00.jpg,<= 2,1,low,Cars
52bfdc0e4c.jpg,> 2 & < 5,0,medium,Cars
3c33336c1d.jpg,0,1,low,Perfumes
ca20e6cedf.jpg,0,1,extremely low,Watches
130a5a3235.jpg,0,1,extremely high,Cars
d0f685fe14.jpg,> 2 & < 5,0,medium,Perfumes
00b6aacb48.jpg,> 5,0,medium,Cars
b56b2eb508.jpg,<= 2,0,low,Watches
fa470bcf69.jpg,> 5,0,medium,Perfumes
1d99b3bf82.jpg,0,0,extremely low,Perfumes
cfad18b4f4.jpg,0,0,extremely high,Real Estate
6711d6a50f.jpg,0,1,high,Real Estate
2ee5784b00.jpg,<= 2,1,extremely low,Watches
b7144722d2.jpg,<= 2,1,high,Watches
62b0a5a2b1.jpg,<= 2,0,extremely low,Watches
574f366ba7.jpg,> 2 & < 5,0,medium,Real Estate
24a637a3d4.jpg,> 5,0,high,Perfumes
b97920deb8.jpg,0,1,medium,Watches
5391bb9a97.jpg,> 2 & < 5,0,medium,Cars
98892cec1c.jpg,0,0,high,Watches
eb4b491738.jpg,<= 2,1,medium,Watches
f7c4a82e44.jpg,<= 2,1,extremely low,Real Estate
177669b25b.jpg,<= 2,1,high,Watches
bdbd6c8661.jpg,> 5,0,medium,Watches
901822cd84.jpg,0,0,low,Cars
07d9bed244.jpg,0,0,extremely high,Perfumes
f67dfcc892.jpg,> 5,0,high,Real Estate
9bd96e84a9.jpg,0,0,high,Perfumes
c8d0136fae.jpg,> 2 & < 5,0,high,Cars
d008f102a9.jpg,0,1,high,Perfumes
fa8d8d54ad.jpg,0,1,extremely low,Cars
0627c9470b.jpg,0,0,extremely low,Cars
d1abed5792.jpg,0,1,extremely low,Real Estate
1731a5ed6f.jpg,0,1,extremely high,Cars
faf59b2f97.jpg,0,1,extremely high,Perfumes
a7739ea0c2.jpg,<= 2,1,extremely high,Perfumes
8abd759623.jpg,0,0,extremely high,Cars
7475663e50.jpg,0,0,high,Cars
1ebae9406e.jpg,<= 2,0,low,Watches
86e07efb13.jpg,0,0,extremely low,Real Estate
2138f5c3fb.jpg,> 2 & < 5,0,medium,Watches
44254b7e23.jpg,<= 2,0,extremely high,Cars
4210a712a1.jpg,> 2 & < 5,0,medium,Real Estate
df3edd56b9.jpg,<= 2,0,extremely low,Perfumes
14cbb426bc.jpg,0,0,extremely low,Perfumes
41af79bbbc.jpg,<= 2,0,medium,Cars
01ad384cc0.jpg,0,0,extremely low,Watches
2c788f0022.jpg,> 2 & < 5,0,low,Perfumes
75e3ca7320.jpg,> 5,0,medium,Watches
c4c1e7bfbc.jpg,0,0,extremely low,Watches
373d16e190.jpg,<= 2,0,medium,Cars
657be45177.jpg,<= 2,0,extremely low,Watches
83860673ec.jpg,0,0,medium,Watches
8cad34356f.jpg,> 2 & < 5,0,medium,Cars
2a010ae85b.jpg,<= 2,0,extremely high,Perfumes
a9761f894b.jpg,<= 2,0,low,Watches
c229afaa92.jpg,> 5,0,high,Watches
cb73893408.jpg,<= 2,0,high,Cars
aafccc6cb3.jpg,0,1,high,Cars
f91f697d6e.jpg,<= 2,1,low,Real Estate
a39693df8d.jpg,0,0,high,Cars
9feed4d064.jpg,0,0,medium,Cars
d43778e0be.jpg,<= 2,1,extremely low,Perfumes
812e41d87b.jpg,> 5,0,medium,Cars
47da79b7f8.jpg,0,0,extremely high,Real Estate
1c6e33edf3.jpg,0,0,medium,Watches
cc0cedbed5.jpg,> 2 & < 5,0,medium,Real Estate
c0a9d7980b.jpg,0,1,extremely high,Perfumes
b6ac334a70.jpg,> 5,0,medium,Watches
88381d9e5d.jpg,<= 2,0,low,Perfumes
a9dc59c7b0.jpg,> 2 & < 5,0,medium,Cars
49ed00a4d0.jpg,> 5,0,medium,Cars
06805ec1a1.jpg,<= 2,0,high,Cars
d95c50c8d6.jpg,> 2 & < 5,0,medium,Watches
921b8c518b.jpg,<= 2,1,extremely high,Watches
ab228401e1.jpg,<= 2,1,medium,Watches
ce33a3ef1d.jpg,<= 2,0,extremely high,Cars
ce6a6472af.jpg,> 2 & < 5,0,medium,Cars
c487a38d9b.jpg,<= 2,0,low,Real Estate
661a8ff12e.jpg,> 2 & < 5,0,high,Cars
432966781e.jpg,> 2 & < 5,0,medium,Watches
0b77bdf150.jpg,<= 2,1,extremely high,Perfumes
fd7a327660.jpg,<= 2,0,medium,Watches
ee518ecae8.jpg,0,1,high,Real Estate
12ed664616.jpg,<= 2,0,low,Real Estate
8e0b9062e8.jpg,> 5,0,high,Perfumes
85cd647a5d.jpg,0,0,extremely high,Real Estate
58db314e4f.jpg,0,0,high,Watches
e85ef3e556.jpg,0,1,extremely low,Real Estate
c2f242bfbc.jpg,> 5,0,medium,Cars
0bdcebb22c.jpg,0,1,extremely low,Perfumes
396cc73d84.jpg,<= 2,1,extremely low,Watches
cb5153897c.jpg,0,1,high,Perfumes
670dfb7c51.jpg,<= 2,0,extremely low,Real Estate
d184ea6eb2.jpg,<= 2,0,extremely high,Cars
ed2c0c655e.jpg,0,1,low,Real Estate
a1a94f99b9.jpg,0,1,low,Cars
251b6d0cf4.jpg,> 2 & < 5,0,medium,Watches
f152483c4a.jpg,<= 2,0,extremely high,Perfumes
98d50ad865.jpg,0,0,extremely high,Cars
9ea435404e.jpg,> 5,0,low,Perfumes
c43ca4504d.jpg,0,1,extremely high,Cars
b010d4b859.jpg,<= 2,1,medium,Cars
7f2c367dad.jpg,0,1,extremely high,Cars
a4f66bd2e6.jpg,<= 2,1,low,Watches
0375eb3e67.jpg,> 5,0,high,Cars
a2d4d46a82.jpg,<= 2,0,medium,Cars
dd76442aae.jpg,<= 2,1,extremely high,Perfumes
c88a60b74e.jpg,0,1,extremely low,Perfumes
7af6f51c61.jpg,<= 2,0,low,Perfumes
c2d5e11a56.jpg,<= 2,1,low,Perfumes
21390cd723.jpg,0,0,extremely high,Cars
aa908d6273.jpg,<= 2,1,high,Perfumes
febb2b882e.jpg,<= 2,0,extremely low,Watches
027042c02f.jpg,<= 2,0,high,Perfumes
9d27efc481.jpg,<= 2,1,medium,Cars
de362bab58.jpg,> 2 & < 5,0,medium,Watches
fbd5577c16.jpg,0,0,extremely low,Perfumes
bd7283c416.jpg,<= 2,1,extremely high,Real Estate
04ea938c4e.jpg,> 2 & < 5,0,high,Watches
f7502f2f38.jpg,<= 2,1,extremely high,Watches
c3ba3e733a.jpg,> 5,0,medium,Perfumes
0b115a4336.jpg,0,0,high,Watches
daa6f63b6d.jpg,<= 2,0,high,Watches
42276e5ebf.jpg,> 2 & < 5,0,low,Real Estate
2deb5e9bfb.jpg,0,1,low,Watches
c9564510d9.jpg,0,1,extremely high,Watches
fdbce94956.jpg,<= 2,1,extremely low,Real Estate
ad438ce962.jpg,0,0,high,Perfumes
53bd2e6846.jpg,> 2 & < 5,0,medium,Real Estate
16344d393a.jpg,<= 2,0,extremely low,Watches
bbd69e465c.jpg,<= 2,1,extremely high,Perfumes
94b090ffc6.jpg,0,0,high,Real Estate
449bb0f5be.jpg,> 2 & < 5,0,medium,Real Estate
ee460adf5d.jpg,0,1,extremely high,Real Estate
fd99a6253e.jpg,> 5,0,medium,Perfumes
ac85a39769.jpg,> 2 & < 5,0,high,Perfumes
f56a5a7b48.jpg,<= 2,1,low,Perfumes
e7eb66b5dd.jpg,<= 2,0,extremely low,Cars
bafe98e878.jpg,> 2 & < 5,0,medium,Real Estate
1617491cdf.jpg,<= 2,1,high,Perfumes
874ae94ddd.jpg,0,0,extremely low,Watches
9a4272bc1b.jpg,0,0,extremely high,Perfumes
78e490d15b.jpg,> 5,0,medium,Cars
b9e606be8c.jpg,<= 2,1,low,Cars
02d24b9f00.jpg,0,1,extremely low,Watches
f57ed0a26f.jpg,<= 2,0,extremely low,Watches
a045a0653f.jpg,<= 2,1,low,Watches
a8f80183b4.jpg,> 5,0,medium,Cars
5760be04d7.jpg,<= 2,0,extremely low,Cars
0316c8757f.jpg,<= 2,0,high,Real Estate
2f130464db.jpg,<= 2,1,medium,Watches
171ebb4a26.jpg,> 5,0,medium,Cars
445b472a3a.jpg,> 2 & < 5,0,medium,Cars
2663a16b22.jpg,<= 2,1,low,Perfumes
87d52612f0.jpg,> 2 & < 5,0,medium,Cars
db96d50d2a.jpg,0,1,extremely high,Cars
f8e66d3f85.jpg,> 2 & < 5,0,medium,Cars
c83eb7877b.jpg,<= 2,0,low,Perfumes
ccf5771da9.jpg,<= 2,1,extremely high,Watches
4983c42488.jpg,> 5,0,medium,Watches
acc58dbe71.jpg,<= 2,0,low,Cars
ff969759c4.jpg,0,1,extremely low,Watches
13520d2791.jpg,<= 2,0,high,Perfumes
e262bc2d2f.jpg,<= 2,0,low,Perfumes
55f135a001.jpg,<= 2,1,low,Real Estate
e0282cc9b3.jpg,0,1,high,Perfumes
e6eb478284.jpg,<= 2,1,low,Perfumes
39b01426be.jpg,<= 2,1,extremely low,Perfumes
7cdadbc018.jpg,<= 2,0,high,Cars
f2e1623bba.jpg,> 5,0,medium,Cars
f08266d4d0.jpg,0,0,high,Perfumes
a6493c1faa.jpg,> 2 & < 5,0,medium,Watches
d29fc982c4.jpg,<= 2,0,high,Cars
ecb355b678.jpg,<= 2,0,low,Perfumes
f35a425883.jpg,> 5,0,high,Watches
585ed04f93.jpg,<= 2,0,extremely high,Cars
6680367563.jpg,<= 2,0,low,Watches
27ee6153c3.jpg,> 2 & < 5,0,low,Real Estate
f802f911e7.jpg,<= 2,0,medium,Cars
c4d642cad5.jpg,<= 2,1,high,Perfumes
a27f80e043.jpg,> 2 & < 5,0,medium,Cars
a2ab44bd1c.jpg,> 2 & < 5,0,medium,Cars
eacec6076c.jpg,> 5,0,medium,Real Estate
48fed52215.jpg,0,0,extremely high,Watches
79f3628c47.jpg,> 5,0,low,Real Estate
c57a653888.jpg,> 2 & < 5,0,low,Real Estate
544e71f2a3.jpg,0,1,medium,Cars
caa30c4947.jpg,> 2 & < 5,0,medium,Cars
866fd932b3.jpg,<= 2,1,medium,Watches
646f61c672.jpg,0,1,high,Watches
8d5adb166d.jpg,<= 2,0,low,Perfumes
dc34cd4a88.jpg,> 2 & < 5,0,medium,Perfumes
aefd4c52da.jpg,0,1,extremely low,Real Estate
cb0e81d49d.jpg,<= 2,1,low,Cars
0c225e9c9a.jpg,0,1,high,Perfumes
8f5212b6aa.jpg,0,0,extremely high,Perfumes
3da6ea0945.jpg,<= 2,0,low,Watches
8dab635252.jpg,<= 2,1,low,Perfumes
9c4664d19b.jpg,0,1,extremely high,Perfumes
ca064ac30e.jpg,0,0,extremely low,Real Estate
d9e2b3284b.jpg,<= 2,0,extremely high,Cars
0c157c9b9e.jpg,0,1,medium,Watches
c30b4da1ac.jpg,> 2 & < 5,0,medium,Perfumes
3cd1dcc03c.jpg,0,1,high,Perfumes
e9f97e1264.jpg,<= 2,1,extremely high,Perfumes
88c8d092be.jpg,> 5,0,medium,Cars
bd6110faf3.jpg,0,1,high,Watches
f80e80cf73.jpg,> 2 & < 5,0,low,Real Estate
e374e695c6.jpg,<= 2,1,medium,Watches
f8f8f0fc66.jpg,0,0,extremely low,Real Estate
2c5d958bfa.jpg,> 5,0,high,Watches
df78d37051.jpg,0,1,extremely high,Cars
a196df751b.jpg,> 5,0,high,Real Estate
ed48b79e45.jpg,> 2 & < 5,0,medium,Real Estate
e831743f87.jpg,0,0,high,Real Estate
f1c3c2cdfb.jpg,0,1,medium,Watches
8717f1209e.jpg,<= 2,1,extremely low,Perfumes
5594c16d1f.jpg,<= 2,1,extremely low,Perfumes
afaf23cc71.jpg,0,0,high,Real Estate
05980d0a37.jpg,> 5,0,medium,Real Estate
1d29b68a7f.jpg,0,0,medium,Watches
d9a2ea6426.jpg,0,1,low,Real Estate
e20f5c6b06.jpg,<= 2,1,high,Cars
267b4e4014.jpg,0,0,high,Watches
54fc23f6f0.jpg,> 5,0,medium,Watches
d1e4b13168.jpg,<= 2,0,low,Watches
c371007e5f.jpg,0,0,low,Perfumes
7bb1027598.jpg,> 5,0,high,Perfumes
1a103a178b.jpg,<= 2,0,high,Watches
190888cbf3.jpg,0,0,extremely low,Perfumes
f6fc2869e1.jpg,0,0,medium,Watches
52d8ecd695.jpg,0,0,medium,Cars
594c56569d.jpg,0,0,low,Watches
f8fcdbda1b.jpg,<= 2,1,low,Real Estate
ae9179e371.jpg,<= 2,1,extremely high,Perfumes
0ad107be23.jpg,0,0,extremely high,Real Estate
146a1b97f3.jpg,> 2 & < 5,0,medium,Real Estate
bf56fd03e0.jpg,<= 2,0,extremely high,Real Estate
2579e57909.jpg,0,1,extremely low,Watches
f404fa3323.jpg,0,1,extremely high,Perfumes
b0552dca34.jpg,<= 2,0,extremely low,Real Estate
371df6209c.jpg,> 2 & < 5,0,medium,Real Estate
303e803e58.jpg,0,0,medium,Cars
78ad877ab9.jpg,<= 2,1,high,Cars
08b8e42bed.jpg,<= 2,0,low,Perfumes
2dee4178c0.jpg,<= 2,1,high,Watches
16590908dd.jpg,<= 2,0,extremely high,Cars
c49cdf9123.jpg,0,0,extremely low,Real Estate
7894e2de3d.jpg,0,0,extremely low,Perfumes
e2284097a0.jpg,<= 2,1,high,Watches
f1387da19d.jpg,> 2 & < 5,0,medium,Watches
e093df8744.jpg,0,0,low,Perfumes
d27bbd9b30.jpg,<= 2,1,low,Cars
c2e3cf888b.jpg,0,0,low,Perfumes
859d58e63a.jpg,<= 2,1,extremely high,Real Estate
f8fc26592c.jpg,> 2 & < 5,0,high,Real Estate
a013188643.jpg,0,0,extremely high,Real Estate
c346739507.jpg,0,0,low,Cars
f591ec2230.jpg,<= 2,1,extremely high,Perfumes
271b98b094.jpg,<= 2,0,extremely high,Watches
edf2996f91.jpg,<= 2,0,extremely low,Perfumes
cd9d473f66.jpg,> 2 & < 5,0,medium,Watches
0df8048fe8.jpg,0,1,extremely high,Watches
dae4887e6e.jpg,> 5,0,medium,Real Estate
fdf18dc084.jpg,0,1,extremely low,Watches
b2ba3f7c66.jpg,<= 2,1,extremely high,Cars
909bd6b5b4.jpg,> 2 & < 5,0,high,Watches
ed1655f2c3.jpg,> 2 & < 5,0,low,Real Estate
e472251778.jpg,<= 2,0,extremely low,Perfumes
5159258d07.jpg,0,1,extremely low,Perfumes
f74be1e7e1.jpg,0,0,low,Perfumes
b0f10534d9.jpg,0,1,medium,Watches
333199aba2.jpg,<= 2,1,medium,Watches
4003735bde.jpg,<= 2,0,low,Cars
c8e7fdcfbc.jpg,> 5,0,medium,Watches
935ca33cec.jpg,<= 2,1,high,Perfumes
c8ae18c51e.jpg,<= 2,0,high,Cars
2c202073c0.jpg,<= 2,1,extremely low,Watches
c0645a66f5.jpg,0,1,low,Perfumes
523477b48b.jpg,<= 2,0,low,Perfumes
737b705653.jpg,0,1,high,Cars
aca3b90631.jpg,<= 2,0,low,Real Estate
4686c8fdb8.jpg,0,1,low,Perfumes
5883dea1a8.jpg,> 5,0,medium,Perfumes
707ba20991.jpg,0,0,extremely high,Cars
f4a966d971.jpg,0,0,high,Cars
651076c39b.jpg,> 2 & < 5,0,medium,Perfumes
61efc5a370.jpg,<= 2,1,high,Cars
14f441fe75.jpg,<= 2,1,extremely high,Perfumes
9961eadcbd.jpg,0,0,medium,Watches
d73d226e57.jpg,> 2 & < 5,0,high,Watches
614e6896b0.jpg,0,0,low,Watches
92d25220ba.jpg,0,0,high,Real Estate
a14339c4c6.jpg,0,1,extremely low,Watches
51ac712034.jpg,<= 2,0,extremely low,Real Estate
4b33ad18c5.jpg,0,1,extremely high,Watches
622da22fb4.jpg,<= 2,1,extremely high,Real Estate
c70706b5a0.jpg,> 5,0,medium,Cars
14990be4af.jpg,> 2 & < 5,0,medium,Perfumes
078c1acd36.jpg,<= 2,1,high,Watches
a4c158414b.jpg,<= 2,0,extremely low,Perfumes
ee93d91f59.jpg,<= 2,1,high,Watches
2664d0b58e.jpg,0,1,low,Watches
1006acce9f.jpg,0,1,medium,Cars
ec5cadfc9e.jpg,> 5,0,medium,Cars
85028b825c.jpg,> 2 & < 5,0,high,Real Estate
f66a79418d.jpg,0,1,low,Perfumes
ddec9e3f16.jpg,0,0,extremely low,Watches
d4b20d26f2.jpg,0,0,extremely high,Cars
f38924c7d2.jpg,0,1,extremely high,Watches
27b798a32a.jpg,> 2 & < 5,0,high,Cars
a8804685cf.jpg,> 5,0,high,Real Estate
6355f1b835.jpg,0,0,extremely high,Watches
8858124c40.jpg,0,0,extremely high,Watches
b055626167.jpg,0,1,extremely low,Watches
a86750c850.jpg,0,1,low,Watches
a4c54de153.jpg,> 5,0,medium,Cars
dc60e17c31.jpg,> 2 & < 5,0,high,Real Estate
6f34b20e37.jpg,0,0,low,Perfumes
803970758f.jpg,<= 2,1,extremely low,Perfumes
cb7b62e4f2.jpg,<= 2,1,low,Real Estate
a97bc94cc0.jpg,0,1,medium,Watches
a554f9c6de.jpg,> 5,0,low,Real Estate
e6bdcf976a.jpg,<= 2,0,extremely low,Watches
3b06f9fa1c.jpg,<= 2,1,extremely high,Perfumes
41a6309054.jpg,> 2 & < 5,0,medium,Cars
10f4df0a85.jpg,0,1,high,Perfumes
a2c316bed6.jpg,0,1,high,Cars
dbb045e6d1.jpg,0,0,extremely low,Cars
b3e0c88e62.jpg,> 5,0,high,Perfumes
3bb2215480.jpg,<= 2,1,high,Watches
cdf3075c0c.jpg,0,0,low,Cars
90be77bf04.jpg,<= 2,1,high,Cars
49ac97dc1d.jpg,0,0,medium,Cars
94cb382d86.jpg,<= 2,0,extremely low,Cars
bd337cddf2.jpg,<= 2,0,extremely low,Watches
a944ddd5a6.jpg,0,1,low,Perfumes
366546ac84.jpg,> 2 & < 5,0,high,Cars
242ac5d9ef.jpg,<= 2,1,extremely low,Watches
22b6a2bf77.jpg,> 2 & < 5,0,low,Perfumes
b2872d5527.jpg,> 5,0,medium,Watches
0dd13a6f0f.jpg,> 2 & < 5,0,high,Perfumes
59756ca5ac.jpg,<= 2,1,extremely high,Cars
3e30682083.jpg,<= 2,1,extremely low,Perfumes
f5602f1bfc.jpg,> 5,0,medium,Perfumes
8724ab85b2.jpg,0,0,low,Perfumes
145aef07ef.jpg,0,0,extremely high,Real Estate
7853d4e1d1.jpg,> 5,0,medium,Perfumes
da969ed491.jpg,0,0,extremely high,Real Estate
24c82bd37a.jpg,<= 2,1,extremely high,Perfumes
692ebd26bd.jpg,> 5,0,medium,Cars
4710bbbfc1.jpg,<= 2,1,extremely high,Perfumes
484bdfda7a.jpg,0,1,extremely low,Real Estate
e9f472d21f.jpg,0,1,low,Perfumes
8373938374.jpg,0,0,extremely low,Perfumes
260b977072.jpg,> 2 & < 5,0,medium,Cars
e269a9578e.jpg,> 5,0,medium,Watches
a299c13127.jpg,<= 2,0,high,Real Estate
b2b3710458.jpg,0,1,low,Perfumes
3ba97ea80d.jpg,0,0,low,Watches
27dd4750ff.jpg,0,0,extremely low,Real Estate
bd541a79a6.jpg,<= 2,0,low,Watches
bb2b9dc7fe.jpg,<= 2,1,extremely high,Real Estate
c943cacd6e.jpg,<= 2,0,extremely low,Cars
b3db0c477f.jpg,> 5,0,medium,Cars
63464338ea.jpg,<= 2,1,high,Cars
29abeeed60.jpg,0,0,extremely low,Real Estate
af096d5bb7.jpg,> 2 & < 5,0,low,Real Estate
848f0f0659.jpg,0,0,high,Real Estate
cd2ddfef23.jpg,0,1,low,Real Estate
98c94f5c1b.jpg,0,0,low,Watches
f2ad510deb.jpg,> 2 & < 5,0,medium,Cars
ee013508d8.jpg,0,1,extremely high,Cars
f2f36557f0.jpg,0,1,low,Watches
c237cc9ff4.jpg,0,1,extremely high,Perfumes
60265ee250.jpg,> 2 & < 5,0,medium,Perfumes
c4d4144187.jpg,0,0,extremely low,Cars
48504b5af4.jpg,0,0,low,Watches
9f593a0b61.jpg,> 5,0,medium,Real Estate
6e1d09ddb5.jpg,<= 2,0,high,Perfumes
17fd733c56.jpg,> 2 & < 5,0,medium,Cars
a988b90be0.jpg,0,1,high,Cars
d7db035110.jpg,0,1,high,Watches
7faff71780.jpg,> 2 & < 5,0,medium,Cars
16eb0ef6ec.jpg,0,0,low,Cars
64c480c7cf.jpg,<= 2,0,extremely high,Real Estate
7bb0dd1e9e.jpg,0,1,high,Cars
7ec14753c2.jpg,0,1,extremely low,Perfumes
2f67238366.jpg,> 5,0,medium,Perfumes
4cc266cd26.jpg,0,1,extremely high,Perfumes
0a237c41d4.jpg,> 2 & < 5,0,medium,Watches
9f361bd9cf.jpg,> 2 & < 5,0,high,Perfumes
d909c0224b.jpg,<= 2,0,low,Watches
ca72fb487a.jpg,> 5,0,medium,Perfumes
c6da928f41.jpg,<= 2,0,high,Cars
0e9add95be.jpg,<= 2,1,extremely high,Perfumes
55779b0269.jpg,0,0,extremely low,Real Estate
291e146d64.jpg,<= 2,1,high,Cars
638ae181c8.jpg,> 2 & < 5,0,medium,Watches
ebaec906e7.jpg,0,0,high,Perfumes
bb2255d1ae.jpg,> 2 & < 5,0,medium,Cars
cb7d4407d9.jpg,<= 2,1,high,Watches
3a17efdc8a.jpg,> 5,0,medium,Watches
a0e7d6799b.jpg,> 2 & < 5,0,medium,Watches
db3e132a7c.jpg,0,0,extremely high,Real Estate
64052da1ba.jpg,> 2 & < 5,0,low,Real Estate
bd0a05f2ec.jpg,> 5,0,medium,Watches
2b1f57efae.jpg,<= 2,1,extremely low,Watches
99dffd6c5b.jpg,> 5,0,medium,Cars
a1bb45d53b.jpg,<= 2,1,extremely low,Watches
d907467da8.jpg,<= 2,1,extremely low,Perfumes
d37c401a9b.jpg,> 5,0,medium,Watches
24662aea61.jpg,0,1,extremely high,Watches
fc907ffa43.jpg,<= 2,0,extremely high,Watches
aefdc5c663.jpg,> 5,0,high,Watches
c037ef08fa.jpg,<= 2,0,high,Watches
d4c0baef2e.jpg,> 2 & < 5,0,medium,Watches
4d531e91c7.jpg,> 2 & < 5,0,medium,Watches
350af86068.jpg,0,1,extremely low,Real Estate
24399d758f.jpg,<= 2,0,extremely high,Watches
00be543cfd.jpg,0,1,extremely low,Perfumes
47d14ef56c.jpg,0,1,extremely high,Real Estate
a13b431f8c.jpg,0,0,extremely high,Perfumes
a14e48efce.jpg,> 5,0,high,Perfumes
45a5bb9131.jpg,> 2 & < 5,0,low,Real Estate
9bc908799a.jpg,0,0,extremely low,Cars
9232f028a7.jpg,0,1,extremely high,Perfumes
a5d1d9a5f4.jpg,0,0,extremely high,Perfumes
043882f519.jpg,<= 2,1,low,Perfumes
caff5917f6.jpg,<= 2,0,high,Real Estate
4890c583df.jpg,<= 2,0,high,Cars
69023f77ad.jpg,> 5,0,medium,Cars
c463be2bcf.jpg,0,0,extremely low,Cars
14ed024d51.jpg,> 2 & < 5,0,high,Perfumes
0b1788e14f.jpg,<= 2,0,medium,Cars
5167b4b673.jpg,<= 2,0,extremely low,Perfumes
ee3008ce84.jpg,0,0,extremely high,Real Estate
b6382af7e3.jpg,0,0,low,Real Estate
8808c032de.jpg,> 2 & < 5,0,medium,Watches
9f72647105.jpg,0,0,high,Real Estate
308ce93672.jpg,> 5,0,high,Watches
2ba2090529.jpg,<= 2,1,medium,Watches
708b59e92b.jpg,> 2 & < 5,0,medium,Cars
99f86b6564.jpg,<= 2,0,low,Cars
cef208a823.jpg,0,1,extremely high,Cars
8662326c21.jpg,<= 2,0,extremely low,Perfumes
4728711458.jpg,0,1,low,Watches
fc8ea531cc.jpg,<= 2,0,high,Perfumes
6b57110caa.jpg,> 2 & < 5,0,high,Perfumes
db40b29753.jpg,> 5,0,high,Cars
5a2f94e44c.jpg,0,1,low,Perfumes
9bf83d3e4d.jpg,<= 2,1,extremely low,Cars
2d8b493400.jpg,<= 2,0,extremely high,Watches
feb4eaedb1.jpg,> 2 & < 5,0,high,Real Estate
c6492ac808.jpg,0,1,low,Watches
d78984f5b6.jpg,> 5,0,low,Perfumes
ef90dac771.jpg,<= 2,1,extremely low,Perfumes
920ec8b661.jpg,0,1,medium,Cars
490dcf39d0.jpg,<= 2,0,high,Watches
2138957eb7.jpg,> 2 & < 5,0,medium,Perfumes
2bde809cda.jpg,0,1,high,Perfumes
8572b0a4cb.jpg,<= 2,0,low,Watches
a208922306.jpg,<= 2,1,high,Watches
41cb80d51b.jpg,0,1,high,Perfumes
19d069da7f.jpg,0,0,low,Real Estate
b2d85206b2.jpg,0,0,high,Cars
4aef98b9fb.jpg,0,1,extremely high,Watches
324b0b944e.jpg,> 2 & < 5,0,medium,Watches
558eda57df.jpg,<= 2,0,medium,Cars
54db08b33d.jpg,0,1,extremely high,Real Estate
050966b629.jpg,<= 2,0,extremely low,Perfumes
8d4cf0809c.jpg,0,0,high,Cars
22ed3b488c.jpg,0,0,high,Real Estate
ae8f521a48.jpg,> 2 & < 5,0,medium,Cars
47fd271a6b.jpg,<= 2,0,high,Cars
ec3596c251.jpg,0,1,high,Perfumes
0ff65b9724.jpg,0,0,low,Perfumes
d6209ae5c5.jpg,<= 2,1,low,Cars
ed31f60ae9.jpg,0,0,low,Real Estate
6fa193664f.jpg,> 2 & < 5,0,high,Perfumes
0932eef0fa.jpg,> 2 & < 5,0,medium,Perfumes
05aafcd039.jpg,> 2 & < 5,0,medium,Perfumes
3001d62de3.jpg,> 5,0,high,Perfumes
d2a3246e9f.jpg,<= 2,0,low,Real Estate
d3955e8ff6.jpg,> 2 & < 5,0,high,Perfumes
84c0cb3187.jpg,0,1,low,Real Estate
651e0c6903.jpg,> 2 & < 5,0,medium,Watches
c29cbe2f54.jpg,0,0,extremely low,Cars
c73ebcf7b9.jpg,> 5,0,medium,Cars
9a11452a75.jpg,> 5,0,medium,Perfumes
ebd97a3958.jpg,<= 2,1,extremely low,Perfumes
18165c3289.jpg,<= 2,1,extremely high,Perfumes
ae239b822a.jpg,0,0,extremely high,Cars
29e5c06b0f.jpg,0,1,low,Perfumes
32e06f7ff6.jpg,0,1,extremely high,Perfumes
0398596809.jpg,> 2 & < 5,0,high,Perfumes
0f0e83bce5.jpg,> 5,0,low,Perfumes
d5e0f1405c.jpg,> 5,0,high,Perfumes
aa326f81d3.jpg,<= 2,0,extremely high,Watches
fe0ef322b3.jpg,<= 2,0,high,Perfumes
01c0a7cea0.jpg,0,1,low,Watches
3a40bc5e85.jpg,> 2 & < 5,0,low,Perfumes
fb84bd5701.jpg,> 2 & < 5,0,high,Perfumes
e0499858df.jpg,> 2 & < 5,0,high,Perfumes
76157adc51.jpg,> 5,0,medium,Watches
c297b38c33.jpg,0,1,extremely low,Perfumes
a42480ca46.jpg,0,0,extremely low,Cars
f28ab865ab.jpg,> 2 & < 5,0,high,Perfumes
c1e9d440b1.jpg,> 5,0,medium,Watches
2b1274a53b.jpg,> 5,0,medium,Watches
a5fd651757.jpg,0,1,medium,Watches
49d18034be.jpg,<= 2,0,high,Real Estate
cf7756eb66.jpg,> 2 & < 5,0,low,Real Estate
e6427e3808.jpg,<= 2,1,extremely high,Watches
6b0a8d8cb4.jpg,0,1,extremely low,Perfumes
d78fb3101e.jpg,> 2 & < 5,0,medium,Watches
71310981e9.jpg,<= 2,0,extremely low,Watches
35f68b178b.jpg,> 2 & < 5,0,medium,Cars
b265d7c933.jpg,<= 2,0,extremely high,Real Estate
674dac4b76.jpg,0,1,extremely high,Real Estate
d7d7e2aeaf.jpg,> 2 & < 5,0,medium,Real Estate
83f5aa3659.jpg,<= 2,0,low,Watches
979b15e0bd.jpg,> 5,0,medium,Watches
1379ce0047.jpg,<= 2,0,extremely low,Watches
f7f30e528d.jpg,0,0,high,Real Estate
f26ab88f4b.jpg,0,1,extremely high,Cars
48f61dab70.jpg,0,1,medium,Watches
ddbe6d358a.jpg,<= 2,1,high,Watches
c6466fe592.jpg,<= 2,0,high,Real Estate
dee4fb73ff.jpg,0,1,low,Perfumes
a312e7b51c.jpg,0,1,high,Perfumes
fb1a5c3133.jpg,<= 2,0,high,Watches
866c32bebd.jpg,> 2 & < 5,0,medium,Cars
c0ce67cd40.jpg,> 2 & < 5,0,medium,Cars
d6eef7f2d3.jpg,> 5,0,medium,Cars
43ea377b1e.jpg,0,0,high,Real Estate
ccfc6c2460.jpg,0,0,low,Watches
8389284c8c.jpg,0,0,extremely low,Cars
310092a5ef.jpg,<= 2,1,low,Watches
603b279c52.jpg,0,1,extremely high,Real Estate
a05da7a2a9.jpg,0,0,low,Perfumes
f9dbae8d08.jpg,> 2 & < 5,0,medium,Real Estate
c76efe4d76.jpg,<= 2,0,extremely high,Watches
da40ed230b.jpg,0,1,extremely low,Watches
ff2125712f.jpg,0,0,high,Cars
06d9875ed2.jpg,0,1,extremely low,Perfumes
8d54013b31.jpg,> 5,0,high,Cars
ea3ec2f798.jpg,<= 2,1,low,Real Estate
d0a5407cd1.jpg,<= 2,0,extremely high,Perfumes
fa5a3ae04e.jpg,0,1,extremely low,Watches
f7203d9cb6.jpg,> 2 & < 5,0,medium,Cars
c29e2f4f3e.jpg,<= 2,0,extremely high,Watches
c10c68cf07.jpg,0,1,extremely high,Cars
63086bdf69.jpg,> 2 & < 5,0,medium,Watches
13d0438b5e.jpg,<= 2,1,high,Cars
d1bea8d390.jpg,<= 2,0,low,Perfumes
df4c79d382.jpg,0,1,extremely high,Perfumes
c3cc9a7822.jpg,<= 2,1,high,Cars
aebe7db7a7.jpg,<= 2,1,high,Watches
1cfe42560f.jpg,0,1,high,Perfumes
8f8bfe9283.jpg,> 5,0,medium,Perfumes
dc14acecbd.jpg,0,1,low,Watches
66c5000675.jpg,> 2 & < 5,0,medium,Watches
57db36abe1.jpg,<= 2,0,extremely low,Cars
41d9269300.jpg,<= 2,1,extremely low,Real Estate
130ddc1ade.jpg,<= 2,1,medium,Cars
c06e73eacc.jpg,<= 2,1,medium,Cars
2907a61cc5.jpg,<= 2,1,medium,Cars
e9aa995477.jpg,<= 2,1,high,Watches
286e76ec90.jpg,<= 2,0,low,Cars
ba94bab378.jpg,<= 2,1,extremely low,Watches
ed40b7a602.jpg,> 5,0,medium,Watches
4a0760f652.jpg,> 2 & < 5,0,high,Perfumes
ec60bb4a25.jpg,<= 2,1,extremely low,Watches
8696aa226c.jpg,0,1,high,Cars
d85e9b3100.jpg,0,0,high,Watches
1099311424.jpg,0,1,extremely high,Watches
47b19a127d.jpg,0,0,extremely low,Real Estate
52ca05f3c1.jpg,0,0,extremely high,Watches
2ef2bc8d44.jpg,0,1,low,Watches
dfd1153538.jpg,0,1,extremely high,Perfumes
c6f2951827.jpg,0,1,low,Watches
d0ff250d12.jpg,<= 2,1,extremely low,Watches
f8cf9e8b3d.jpg,<= 2,1,extremely high,Cars
fe56f73596.jpg,0,0,extremely high,Real Estate
e6252ff382.jpg,<= 2,0,medium,Watches
261d7b7560.jpg,<= 2,1,extremely low,Cars
c3d85295f5.jpg,> 2 & < 5,0,medium,Real Estate
7995ca2e99.jpg,0,1,extremely high,Real Estate
3ab584370b.jpg,<= 2,0,extremely high,Watches
7b80d6ed83.jpg,<= 2,1,extremely high,Perfumes
84c2118853.jpg,0,0,extremely high,Watches
0681adccca.jpg,<= 2,0,low,Watches
9971e2d749.jpg,> 5,0,medium,Cars
17635a68a1.jpg,<= 2,1,high,Cars
bdccd1c574.jpg,<= 2,1,extremely low,Perfumes
e0add2e607.jpg,> 2 & < 5,0,low,Perfumes
db413a5d4c.jpg,0,1,extremely low,Perfumes
8f0fcd450e.jpg,<= 2,1,high,Cars
b489c1d8cf.jpg,0,1,low,Perfumes
a10c270e24.jpg,0,1,extremely high,Cars
197ad66fb7.jpg,<= 2,0,extremely low,Watches
45c8624b54.jpg,0,1,extremely low,Cars
9d927cdf19.jpg,<= 2,1,extremely high,Cars
ea933fd217.jpg,> 2 & < 5,0,medium,Cars
2be3de3f78.jpg,> 5,0,medium,Perfumes
4cfeb2a7d9.jpg,<= 2,1,extremely high,Perfumes
3bdcb3e256.jpg,<= 2,1,high,Perfumes
b3ff896194.jpg,> 2 & < 5,0,medium,Real Estate
6448e06ac3.jpg,0,0,high,Watches
a9a4b8b25f.jpg,<= 2,0,extremely high,Perfumes
b4e3184bf9.jpg,> 2 & < 5,0,medium,Cars
e29a22dd93.jpg,> 2 & < 5,0,high,Cars
263712a636.jpg,> 5,0,low,Perfumes
a0723d15ef.jpg,<= 2,1,high,Cars
861ca4527e.jpg,0,0,high,Real Estate
a9a7cc6990.jpg,0,1,extremely low,Real Estate
b7841c2f19.jpg,> 2 & < 5,0,medium,Watches
fb1d62cd36.jpg,<= 2,0,extremely low,Perfumes
df2e8b97a1.jpg,> 2 & < 5,0,low,Perfumes
f9da96c7b9.jpg,0,1,high,Real Estate
fec7a6a096.jpg,<= 2,1,high,Perfumes
71ec2c66c4.jpg,<= 2,1,low,Cars
d88d5b1aa5.jpg,<= 2,0,high,Cars
98a197dbd6.jpg,0,1,high,Cars
f0ba2a8d4e.jpg,0,0,extremely high,Cars
bb58b6f02b.jpg,<= 2,0,extremely high,Real Estate
612fbcdc7a.jpg,> 5,0,medium,Watches
a353855d89.jpg,<= 2,1,extremely low,Real Estate
ea49f80ded.jpg,<= 2,0,extremely high,Cars
459f789186.jpg,> 5,0,medium,Watches
993234f371.jpg,0,1,extremely low,Perfumes
4680ea99b0.jpg,0,0,high,Real Estate
f7fdbeda8e.jpg,<= 2,1,extremely high,Watches
bcebb7c0fe.jpg,> 2 & < 5,0,medium,Perfumes
138f4bb710.jpg,0,1,high,Cars
dd1eae0cfe.jpg,<= 2,1,medium,Watches
1445be94e8.jpg,> 2 & < 5,0,medium,Cars
99618c85d2.jpg,> 2 & < 5,0,medium,Watches
5763ad40c1.jpg,<= 2,1,extremely high,Cars
a52689b84e.jpg,> 5,0,medium,Watches
673398c544.jpg,<= 2,0,extremely low,Perfumes
9d725a8c42.jpg,<= 2,1,medium,Cars
c6d13e5e35.jpg,0,0,high,Cars
984223cff9.jpg,<= 2,1,extremely low,Perfumes
fad6e1b708.jpg,<= 2,1,high,Cars
08b3513084.jpg,<= 2,1,high,Cars
6d3eec9f65.jpg,0,1,low,Perfumes
8aef37dff3.jpg,> 5,0,medium,Perfumes
d68936dd4b.jpg,0,1,extremely high,Cars
94cd68ab33.jpg,0,1,extremely high,Real Estate
a9a347ee93.jpg,> 5,0,medium,Perfumes
f499805cbd.jpg,0,1,extremely high,Real Estate
ccf724fe2d.jpg,<= 2,1,medium,Watches
1859ddae36.jpg,> 2 & < 5,0,medium,Perfumes
42d6d6cff4.jpg,0,0,extremely high,Cars
ad0c01d178.jpg,<= 2,1,extremely high,Real Estate
9638bc47e0.jpg,<= 2,1,low,Watches
a0779c1e92.jpg,0,1,extremely low,Perfumes
aa52c8ae49.jpg,<= 2,1,extremely high,Perfumes
8882351ac1.jpg,<= 2,1,extremely high,Watches
b5659be5ac.jpg,<= 2,0,extremely high,Cars
432446d004.jpg,<= 2,0,extremely high,Real Estate
e4b19b7798.jpg,0,1,low,Watches
fa1b56fe6b.jpg,> 5,0,medium,Perfumes
f0b6462248.jpg,0,0,low,Real Estate
a7f8f12708.jpg,<= 2,1,high,Real Estate
266a40a7d1.jpg,0,0,extremely high,Cars
e001877a9e.jpg,0,1,low,Cars
57a384020a.jpg,0,0,extremely high,Real Estate
9aa5adc1a8.jpg,> 5,0,high,Perfumes
f1e7a3139a.jpg,> 2 & < 5,0,medium,Perfumes
e617d2fb5e.jpg,0,0,high,Watches
06a09ead3e.jpg,<= 2,0,low,Perfumes
ec88ae8216.jpg,<= 2,1,extremely low,Real Estate
d99ab80abb.jpg,> 5,0,low,Real Estate
5f75dd8317.jpg,0,0,extremely high,Perfumes
1b349a102d.jpg,<= 2,1,low,Watches
42d81b3865.jpg,<= 2,1,high,Watches
2a9cf4cf26.jpg,<= 2,0,extremely high,Perfumes
a74eecf14e.jpg,<= 2,1,extremely low,Perfumes
d1d85b115c.jpg,<= 2,0,low,Perfumes
45a22554dc.jpg,0,0,high,Cars
52ad11c0c6.jpg,> 2 & < 5,0,high,Real Estate
eee57904c4.jpg,<= 2,0,medium,Watches
e58cb3f2df.jpg,<= 2,1,extremely high,Real Estate
0eece4106a.jpg,<= 2,1,low,Perfumes
8e648afd1a.jpg,<= 2,0,extremely high,Perfumes
328c4361a0.jpg,<= 2,1,high,Cars
36175955a1.jpg,0,1,high,Watches
ff0fda99c2.jpg,<= 2,0,extremely high,Real Estate
17558b14db.jpg,0,0,high,Cars
75efcafad8.jpg,<= 2,0,extremely high,Watches
6a2c017a45.jpg,0,0,low,Perfumes
3922ebf6e7.jpg,0,0,extremely high,Real Estate
2c249a41e4.jpg,<= 2,1,extremely low,Perfumes
e621ba3ecf.jpg,0,0,extremely high,Perfumes
f6bf09bdf6.jpg,> 5,0,medium,Watches
d5555d488a.jpg,<= 2,1,high,Perfumes
dda90a9322.jpg,> 2 & < 5,0,medium,Real Estate
d9803b7b4f.jpg,> 5,0,high,Real Estate
8ad989e910.jpg,> 5,0,medium,Cars
bf5cb7654e.jpg,<= 2,1,extremely high,Perfumes
640d43adbc.jpg,0,0,extremely high,Cars
bffdf0f61b.jpg,> 5,0,medium,Perfumes
92f09e8f60.jpg,0,0,extremely high,Cars
0a3468a695.jpg,<= 2,1,low,Perfumes
7dbcc2c664.jpg,0,0,low,Cars
fab9226c3f.jpg,<= 2,1,extremely high,Perfumes
34c20762f6.jpg,0,1,medium,Watches
c21d5e55b8.jpg,0,1,extremely high,Perfumes
8fa9f37443.jpg,<= 2,0,extremely high,Perfumes
f9a6a91662.jpg,0,0,extremely high,Real Estate
e83e33ce30.jpg,0,0,extremely high,Perfumes
cd76cbd8fc.jpg,0,1,low,Cars
1097b36490.jpg,> 5,0,medium,Cars
400f1b83cf.jpg,<= 2,1,medium,Watches
44c5ca7af8.jpg,0,1,high,Watches
853592894a.jpg,0,1,extremely low,Real Estate
3a0a3d1ff7.jpg,0,1,extremely high,Watches
c335339703.jpg,0,0,high,Cars
eeb551ba68.jpg,0,1,low,Cars
915435ffe6.jpg,0,0,low,Cars
12f0ddbca4.jpg,0,1,extremely low,Cars
6fe76097ed.jpg,0,0,extremely low,Perfumes
46f10e042e.jpg,0,0,high,Watches
8535a84355.jpg,<= 2,0,high,Perfumes
dadcc38ce9.jpg,<= 2,1,extremely high,Real Estate
80b6d8e48d.jpg,<= 2,1,extremely low,Watches
c67af5e167.jpg,<= 2,1,extremely low,Real Estate
3bd9aa3667.jpg,> 2 & < 5,0,high,Perfumes
a565f9c0ed.jpg,<= 2,0,high,Watches
7396d603f3.jpg,> 5,0,low,Real Estate
f1d78a2f4a.jpg,0,1,extremely low,Cars
32559c10bd.jpg,0,0,high,Perfumes
323f9c38b3.jpg,0,0,low,Cars
4098cfe2db.jpg,> 2 & < 5,0,medium,Watches
fc07377386.jpg,0,0,medium,Watches
8b61d726f9.jpg,> 2 & < 5,0,medium,Perfumes
b3e67d4ce5.jpg,0,0,extremely high,Perfumes
7ecc535088.jpg,<= 2,0,extremely high,Perfumes
0611658e26.jpg,0,1,medium,Cars
7533b8e297.jpg,0,0,extremely low,Perfumes
8bb19f47b7.jpg,<= 2,0,high,Perfumes
d6caa86918.jpg,0,1,high,Cars
4a07bff5d8.jpg,0,0,high,Perfumes
